﻿{"paragraphs":[{"title":"ROUGE scores","text":"import os\r\nfrom rouge_score import rouge_scorer\r\nimport pandas as pd\r\n\r\nGROUND_TRUTH_DIR = \"./GRPR03_EvaluateOCR/GRPR03_EvaluateOCR/TXTFiles\"\r\nOCR_OUTPUT_DIR = \"./GRPR03_EvaluateOCR/GRPR03_EvaluateOCR/OCR_Output\"\r\n\r\ndef compute_rouge_scores(reference_text, ocr_text):\r\n    scorer = rouge_scorer.RougeScorer(['rouge1', 'rouge2', 'rougeL'], use_stemmer=True)\r\n    scores = scorer.score(reference_text, ocr_text)\r\n    return {\r\n        \"rouge1\": scores[\"rouge1\"].fmeasure,\r\n        \"rouge2\": scores[\"rouge2\"].fmeasure,\r\n        \"rougeL\": scores[\"rougeL\"].fmeasure\r\n    }\r\n\r\nresults = []\r\n\r\nfor filename in os.listdir(GROUND_TRUTH_DIR):\r\n    gt_path = os.path.join(GROUND_TRUTH_DIR, filename)\r\n    ocr_path = os.path.join(OCR_OUTPUT_DIR, filename)\r\n\r\n    # Kiểm tra nếu file OCR tồn tại\r\n    if not os.path.exists(ocr_path):\r\n        print(f\"⚠️ File thiếu: {ocr_path}\")\r\n        continue\r\n\r\n    # Đọc nội dung\r\n    with open(gt_path, \"r\", encoding=\"utf-8\") as f:\r\n        gt_text = f.read()\r\n    with open(ocr_path, \"r\", encoding=\"utf-8\") as f:\r\n        ocr_text = f.read()\r\n\r\n    scores = compute_rouge_scores(gt_text, ocr_text)\r\n\r\n    results.append({\r\n        \"file\": filename,\r\n        \"rouge1\": round(scores[\"rouge1\"], 3),\r\n        \"rouge2\": round(scores[\"rouge2\"], 3),\r\n        \"rougeL\": round(scores[\"rougeL\"], 3)\r\n    })\r\n\r\ndf = pd.DataFrame(results)\r\ndf = df.sort_values(by=\"rougeL\", ascending=False)\r\n\r\ndf.to_csv(\"rouge_scores_result.csv\", index=False)\r\n\r\nprint(df.head(30))\r\n","user":"21110656","dateUpdated":"2025-06-08T15:15:52+0700","config":{"editorSetting":{"language":"python","editOnDblClick":false,"completionKey":"TAB","completionSupport":true},"colWidth":12,"editorMode":"ace/mode/python","fontSize":14,"title":true,"results":{},"enabled":true},"settings":{"params":{},"forms":{}},"results":{"code":"SUCCESS","msg":[{"type":"TEXT","data":"⚠️ File thiếu: ./GRPR03_EvaluateOCR/GRPR03_EvaluateOCR/OCR_Output\\Giáo_trình_kiểm_tra_chất_lượng_mối_hàn_theo_tiêu_chuẩn_quốc_tế..txt\n                                                 file  rouge1  rouge2  rougeL\n17  Kỹ_thuật_điện_cao_áp___Quá_điện_áp_và_bảo_vệ_c...   0.954   0.925   0.953\n5   Bảo_Trì_và_Quản_Lý_Máy_Tính__Sổ_tay_thực_hành_...   0.954   0.918   0.950\n38                              Điện_toán_đám_mây.txt   0.959   0.932   0.948\n9               Cơ_sở_lý_thuyết_các_quá_trình_đúc.txt   0.956   0.901   0.941\n13                        Giáo_trình_an_toàn_điện.txt   0.947   0.906   0.940\n35  Xử_lý_nước_thải_sinh_hoạt_quy_mô_vừa_và_nhỏ__G...   0.961   0.899   0.939\n4                            Bài_tập_hóa_kỹ_thuật.txt   0.955   0.895   0.937\n7   Công_nghệ_sản_xuất_Enzym__Protein_và_ứng_dụng.txt   0.947   0.916   0.937\n23  Phục_chế_ảnh_kỹ_thuật_làm_mịn_da_với_Neat_Imag...   0.946   0.905   0.933\n28                    Thực_hành_sửa_chữa_tivi_màu.txt   0.939   0.902   0.932\n34                         Vận_hành_hệ_thống_điện.txt   0.930   0.882   0.924\n22                          Phun_xăng_điện_tử_EFI.txt   0.941   0.888   0.924\n21  Open_office_giải_pháp_trọn_gói_cho_vấn_đề_bản_...   0.938   0.882   0.923\n31     Tính_toán_thiết_kế_thiết_bị_trao_đổi_nhiệt.txt   0.937   0.866   0.923\n0                       167_mạch_điện_tử_ứng_dụng.txt   0.923   0.868   0.902\n39  Đề_cương_chi_tiết_môn_học_Bố_cục_tạo_hình__Lay...   0.930   0.864   0.896\n29                    Truyền_động_tự_động_khí_nén.txt   0.921   0.877   0.895\n6   Các_đơn_pha_chế_và_tổng_hợp_hóa_chất_dùng_tron...   0.917   0.832   0.888\n40  Đề_cương_chi_tiết_môn_học_Thực_tập_5___thực_tậ...   0.924   0.858   0.887\n25                             Sửa_chữa_điện_ô_tô.txt   0.909   0.829   0.882\n1       Adaptive_control_for_robotic_manipulators.txt   0.881   0.816   0.881\n32         Tối_ưu_hóa_trong_công_nghiệp_thực_phẩm.txt   0.918   0.844   0.879\n30  Tính_toán_quá_trình__thiết_bị_trong_công_nghệ_...   0.888   0.826   0.871\n19                       Nghệ_thuật_nhiếp_ảnh_màu.txt   0.892   0.802   0.862\n8                     Căn_bản_sửa_chữa_VCR__Tập_2.txt   0.872   0.809   0.859\n15  Hướng_dẫn_sửa_chữa_xe_TOYOTA_HIACE___Tập_1___P...   0.878   0.744   0.826\n2                               An_toàn_thực_phẩm.txt   0.872   0.760   0.825\n26  The_business_and_information_technologies__BIT...   0.834   0.735   0.824\n36                             Xử_Lý_Sự_Cố_Máy_In.txt   0.890   0.772   0.819\n3   Applications_of_biotechnology_to_traditional_f...   0.827   0.723   0.818\n"}]},"apps":[],"jobName":"paragraph_1749370519237_1648215756","id":"20250530-003939_2058586801","dateCreated":"2025-06-08T15:15:19+0700","status":"READY","errorMessage":"","progressUpdateIntervalMs":500,"$$hashKey":"object:1220"},{"title":"Embedding-based similarity","text":"import os\r\nfrom sentence_transformers import SentenceTransformer, util\r\nimport pandas as pd\r\n\r\nmodel = SentenceTransformer(\"sentence-transformers/all-MiniLM-L6-v2\")\r\n\r\nground_truth_folder = \"./GRPR03_EvaluateOCR/GRPR03_EvaluateOCR/TXTFiles/\"\r\nocr_output_folder = \"./GRPR03_EvaluateOCR/GRPR03_EvaluateOCR/OCR_Output/\"\r\n\r\nresults = []\r\n\r\nfor filename in os.listdir(ground_truth_folder):\r\n    if filename.endswith(\".txt\"):\r\n        gt_path = os.path.join(ground_truth_folder, filename)\r\n        ocr_path = os.path.join(ocr_output_folder, filename)\r\n\r\n        if os.path.exists(ocr_path):\r\n            with open(gt_path, \"r\", encoding=\"utf-8\") as f:\r\n                gt_text = f.read()\r\n            with open(ocr_path, \"r\", encoding=\"utf-8\") as f:\r\n                ocr_text = f.read()\r\n\r\n            embeddings = model.encode([gt_text, ocr_text], convert_to_tensor=True)\r\n\r\n            score = util.cos_sim(embeddings[0], embeddings[1]).item()\r\n\r\n            results.append({\r\n                \"file\": filename,\r\n                \"semantic_score\": round(score, 4),\r\n                \"status\": \"✅ Good\" if score >= 0.85 else \"⚠️ Medium\" if score >= 0.6 else \"❌ Poor\"\r\n            })\r\n\r\ndf = pd.DataFrame(results)\r\ndf.to_csv(\"semantic_similarity_scores.csv\", index=False)\r\n","user":"21110656","dateUpdated":"2025-06-08T15:17:21+0700","config":{"editorSetting":{"language":"python","editOnDblClick":false,"completionKey":"TAB","completionSupport":true},"colWidth":12,"editorMode":"ace/mode/python","fontSize":14,"title":true,"results":{},"enabled":true},"settings":{"params":{},"forms":{}},"results":{"code":"SUCCESS","msg":[{"type":"TEXT","data":"C:\\Users\\zeppelin\\bin\\python\\.venv\\Lib\\site-packages\\transformers\\utils\\hub.py:127: FutureWarning: Using `TRANSFORMERS_CACHE` is deprecated and will be removed in v5 of Transformers. Use `HF_HOME` instead.\n  warnings.warn(\n                                                 file  semantic_score     status\n0                       167_mạch_điện_tử_ứng_dụng.txt          0.9201     ✅ Good\n1       Adaptive_control_for_robotic_manipulators.txt          0.9230     ✅ Good\n2                               An_toàn_thực_phẩm.txt          0.9455     ✅ Good\n3   Applications_of_biotechnology_to_traditional_f...          0.9564     ✅ Good\n4                            Bài_tập_hóa_kỹ_thuật.txt          0.9700     ✅ Good\n5   Bảo_Trì_và_Quản_Lý_Máy_Tính__Sổ_tay_thực_hành_...          0.9587     ✅ Good\n6   Các_đơn_pha_chế_và_tổng_hợp_hóa_chất_dùng_tron...          0.9663     ✅ Good\n7   Công_nghệ_sản_xuất_Enzym__Protein_và_ứng_dụng.txt          0.9509     ✅ Good\n8                     Căn_bản_sửa_chữa_VCR__Tập_2.txt          0.9122     ✅ Good\n9               Cơ_sở_lý_thuyết_các_quá_trình_đúc.txt          0.9575     ✅ Good\n10                     DESIGNERS_and_MANUFACTURES.txt          0.9145     ✅ Good\n11                            Designing_for_Print.txt          0.9257     ✅ Good\n12                 FLEXOGRAPHY_101___Plate_Making.txt          0.9027     ✅ Good\n13                        Giáo_trình_an_toàn_điện.txt          0.9545     ✅ Good\n14                         Hàn_bằng_năng_lượng_nổ.txt          0.9109     ✅ Good\n15  Hướng_dẫn_sửa_chữa_xe_TOYOTA_HIACE___Tập_1___P...          0.9560     ✅ Good\n16                            Hệ_thống_viễn_thông.txt          0.7262  ⚠️ Medium\n17  Kỹ_thuật_điện_cao_áp___Quá_điện_áp_và_bảo_vệ_c...          0.9514     ✅ Good\n18                                Metals_databook.txt          0.8088  ⚠️ Medium\n19                       Nghệ_thuật_nhiếp_ảnh_màu.txt          0.9761     ✅ Good\n20  Nguyên_lý_và_dụng_cụ_cắt__Dùng_trong_các_trườn...          0.9537     ✅ Good\n21  Open_office_giải_pháp_trọn_gói_cho_vấn_đề_bản_...          0.9499     ✅ Good\n22                          Phun_xăng_điện_tử_EFI.txt          0.9639     ✅ Good\n23  Phục_chế_ảnh_kỹ_thuật_làm_mịn_da_với_Neat_Imag...          0.9645     ✅ Good\n24                         Sức_bền_vật_liệu___T_1.txt          0.9023     ✅ Good\n25                             Sửa_chữa_điện_ô_tô.txt          0.9156     ✅ Good\n26  The_business_and_information_technologies__BIT...          0.9288     ✅ Good\n27  The_foseco_foundryman_s_handbook__Facts_figure...          0.9046     ✅ Good\n28                    Thực_hành_sửa_chữa_tivi_màu.txt          0.9532     ✅ Good\n29                    Truyền_động_tự_động_khí_nén.txt          0.9528     ✅ Good\n30  Tính_toán_quá_trình__thiết_bị_trong_công_nghệ_...          0.9687     ✅ Good\n31     Tính_toán_thiết_kế_thiết_bị_trao_đổi_nhiệt.txt          0.9009     ✅ Good\n32         Tối_ưu_hóa_trong_công_nghiệp_thực_phẩm.txt          0.9414     ✅ Good\n33               Understanding_Digital_Imposition.txt          0.9466     ✅ Good\n34                         Vận_hành_hệ_thống_điện.txt          0.9243     ✅ Good\n35  Xử_lý_nước_thải_sinh_hoạt_quy_mô_vừa_và_nhỏ__G...          0.9726     ✅ Good\n36                             Xử_Lý_Sự_Cố_Máy_In.txt          0.7571  ⚠️ Medium\n37       Điện_mặt_trời_Việt_Nam_15_năm_phát_triển.txt          0.0551     ❌ Poor\n38                              Điện_toán_đám_mây.txt          0.9613     ✅ Good\n39  Đề_cương_chi_tiết_môn_học_Bố_cục_tạo_hình__Lay...          0.8944     ✅ Good\n40  Đề_cương_chi_tiết_môn_học_Thực_tập_5___thực_tậ...          0.8269  ⚠️ Medium\n"}]},"apps":[],"jobName":"paragraph_1749370519245_146937059","id":"20250530-004233_255970036","dateCreated":"2025-06-08T15:15:19+0700","status":"ABORT","progressUpdateIntervalMs":500,"$$hashKey":"object:1222","dateFinished":"2025-06-08T15:16:59+0700","dateStarted":"2025-06-08T15:16:23+0700"},{"text":"import os\r\nimport pandas as pd\r\n\r\n# Hàm tính độ dài LCS giữa 2 chuỗi\r\ndef lcs_length(X, Y):\r\n    m, n = len(X), len(Y)\r\n    dp = [[0] * (n + 1) for _ in range(m + 1)]\r\n\r\n    for i in range(m):\r\n        for j in range(n):\r\n            if X[i] == Y[j]:\r\n                dp[i + 1][j + 1] = dp[i][j] + 1\r\n            else:\r\n                dp[i + 1][j + 1] = max(dp[i + 1][j], dp[i][j + 1])\r\n    return dp[m][n]\r\n\r\n# Đường dẫn\r\ngt_dir = \"./GRPR03_EvaluateOCR/GRPR03_EvaluateOCR/TXTFiles/\"\r\nocr_dir = \"./GRPR03_EvaluateOCR/GRPR03_EvaluateOCR/OCR_Output/\"\r\n\r\nresults = []\r\n\r\n# Lặp qua từng file\r\nfor filename in os.listdir(gt_dir):\r\n    if filename.endswith(\".txt\"):\r\n        gt_path = os.path.join(gt_dir, filename)\r\n        ocr_path = os.path.join(ocr_dir, filename)\r\n\r\n        if os.path.exists(ocr_path):\r\n            with open(gt_path, \"r\", encoding=\"utf-8\") as f:\r\n                gt_text = f.read()\r\n            with open(ocr_path, \"r\", encoding=\"utf-8\") as f:\r\n                ocr_text = f.read()\r\n\r\n            # Tính LCS\r\n            lcs_len = lcs_length(gt_text, ocr_text)\r\n            lcs_score = lcs_len / max(len(gt_text), 1)  # tránh chia 0\r\n\r\n            results.append({\r\n                \"file\": filename,\r\n                \"lcs_len\": lcs_len,\r\n                \"gt_len\": len(gt_text),\r\n                \"ocr_len\": len(ocr_text),\r\n                \"lcs_score\": round(lcs_score, 4),\r\n                \"status\": \"✅ Good\" if lcs_score >= 0.85 else \"⚠️ Medium\" if lcs_score >= 0.6 else \"❌ Poor\"\r\n            })\r\n\r\ndf = pd.DataFrame(results)\r\ndf.to_csv(\"lcs_similarity_scores.csv\", index=False)\r\n","user":"21110656","dateUpdated":"2025-06-08T15:18:01+0700","config":{"editorSetting":{"language":"python","editOnDblClick":false,"completionKey":"TAB","completionSupport":true},"colWidth":12,"editorMode":"ace/mode/python","fontSize":14,"results":{},"enabled":true,"title":true},"settings":{"params":{},"forms":{}},"results":{"code":"SUCCESS","msg":[]},"apps":[],"jobName":"paragraph_1749370519248_-1555481066","id":"20250531-195641_2040907500","dateCreated":"2025-06-08T15:15:19+0700","status":"ABORT","progressUpdateIntervalMs":500,"$$hashKey":"object:1223","dateFinished":"2025-06-08T15:17:07+0700","dateStarted":"2025-06-08T15:16:45+0700","title":"Longest Common Subsequence (LCS)"},{"text":"import os\r\nimport pandas as pd\r\nfrom sklearn.feature_extraction.text import CountVectorizer\r\n\r\ndef calculate_coverage(gt_text, ocr_text, ngram_range=(1, 1)):\r\n    vectorizer = CountVectorizer(ngram_range=ngram_range, analyzer='word')\r\n    gt_tokens = vectorizer.build_analyzer()(gt_text)\r\n    ocr_tokens = set(vectorizer.build_analyzer()(ocr_text))\r\n\r\n    total = len(gt_tokens)\r\n    matched = sum(1 for token in gt_tokens if token in ocr_tokens)\r\n\r\n    coverage = matched / total if total > 0 else 0\r\n    return round(coverage, 4)\r\n\r\n# Đường dẫn thư mục\r\ngt_dir = \"./GRPR03_EvaluateOCR/GRPR03_EvaluateOCR/TXTFiles/\"\r\nocr_dir = \"./GRPR03_EvaluateOCR/GRPR03_EvaluateOCR/OCR_Output/\"\r\n\r\nresults = []\r\n\r\n# Lặp qua từng file\r\nfor filename in os.listdir(gt_dir):\r\n    if filename.endswith(\".txt\"):\r\n        gt_path = os.path.join(gt_dir, filename)\r\n        ocr_path = os.path.join(ocr_dir, filename)\r\n\r\n        if os.path.exists(ocr_path):\r\n            with open(gt_path, \"r\", encoding=\"utf-8\") as f:\r\n                gt_text = f.read()\r\n            with open(ocr_path, \"r\", encoding=\"utf-8\") as f:\r\n                ocr_text = f.read()\r\n\r\n            # Coverage theo unigram (từng từ)\r\n            unigram_coverage = calculate_coverage(gt_text, ocr_text, (1, 1))\r\n            # Coverage theo bigram (2 từ liền nhau)\r\n            bigram_coverage = calculate_coverage(gt_text, ocr_text, (2, 2))\r\n\r\n            results.append({\r\n                \"file\": filename,\r\n                \"unigram_coverage\": unigram_coverage,\r\n                \"bigram_coverage\": bigram_coverage,\r\n                \"status\": \"✅ Good\" if unigram_coverage >= 0.85 else \"⚠️ Medium\" if unigram_coverage >= 0.6 else \"❌ Poor\"\r\n            })\r\n\r\ndf = pd.DataFrame(results)\r\ndf.to_csv(\"coverage_scores.csv\", index=False)\r\n","user":"21110656","dateUpdated":"2025-06-08T15:18:16+0700","config":{"editorSetting":{"language":"python","editOnDblClick":false,"completionKey":"TAB","completionSupport":true},"colWidth":12,"editorMode":"ace/mode/python","fontSize":14,"results":{},"enabled":true,"title":true},"settings":{"params":{},"forms":{}},"results":{"code":"SUCCESS","msg":[]},"apps":[],"jobName":"paragraph_1749370519249_-656991784","id":"20250531-204955_495862108","dateCreated":"2025-06-08T15:15:19+0700","status":"FINISHED","progressUpdateIntervalMs":500,"$$hashKey":"object:1224","dateFinished":"2025-06-08T15:17:09+0700","dateStarted":"2025-06-08T15:16:59+0700","title":"Coverage"},{"text":"z.install('pybind11')\nz.install('fastwer')","user":"21110656","dateUpdated":"2025-06-08T15:15:19+0700","config":{"editorSetting":{"language":"python","editOnDblClick":false,"completionKey":"TAB","completionSupport":true},"colWidth":12,"editorMode":"ace/mode/python","fontSize":14,"results":{},"enabled":true},"settings":{"params":{},"forms":{}},"results":{"code":"SUCCESS","msg":[{"type":"TEXT","data":"Collecting pybind11\r\n  Downloading pybind11-2.13.6-py3-none-any.whl.metadata (9.5 kB)\r\nDownloading pybind11-2.13.6-py3-none-any.whl (243 kB)\r\nInstalling collected packages: pybind11\r\nSuccessfully installed pybind11-2.13.6\r\nCollecting fastwer\r\n  Using cached fastwer-0.1.3.tar.gz (4.6 kB)\r\n  Preparing metadata (setup.py): started\r\n  Preparing metadata (setup.py): finished with status 'error'\r\n  error: subprocess-exited-with-error\r\n  \r\n  python setup.py egg_info did not run successfully.\r\n  exit code: 1\r\n  \r\n  [9 lines of output]\r\n  Traceback (most recent call last):\r\n    File \"<string>\", line 2, in <module>\r\n    File \"<pip-setuptools-caller>\", line 35, in <module>\r\n    File \"C:\\Users\\zeppython\\AppData\\Local\\Temp\\pip-install-01s79lw5\\fastwer_d04e1936f87946569199e6659661d819\\setup.py\", line 27, in <module>\r\n      include_dirs=[PyBind11Helper().get_include(), PyBind11Helper(user=True).get_include()],\r\n                    ^^^^^^^^^^^^^^^^^^^^^^^^^^^^^^\r\n    File \"C:\\Users\\zeppython\\AppData\\Local\\Temp\\pip-install-01s79lw5\\fastwer_d04e1936f87946569199e6659661d819\\setup.py\", line 19, in get_include\r\n      import pybind11\r\n  ModuleNotFoundError: No module named 'pybind11'\r\n  [end of output]\r\n  \r\n  note: This error originates from a subprocess, and is likely not a problem with pip.\r\nerror: metadata-generation-failed\r\n\r\nEncountered error while generating package metadata.\r\n\r\nSee above for output.\r\n\r\nnote: This is an issue with the package mentioned above, not pip.\r\nhint: See above for details.\r\n"}]},"apps":[],"jobName":"paragraph_1749370519249_1535013727","id":"20250603-211939_1912592421","dateCreated":"2025-06-08T15:15:19+0700","status":"READY","errorMessage":"","progressUpdateIntervalMs":500,"$$hashKey":"object:1225"},{"user":"21110656","dateUpdated":"2025-06-08T15:15:19+0700","config":{"colWidth":12,"fontSize":14,"enabled":true,"results":{},"editorSetting":{"language":"python","editOnDblClick":false,"completionKey":"TAB","completionSupport":true},"editorMode":"ace/mode/python"},"settings":{"params":{},"forms":{}},"apps":[],"jobName":"paragraph_1749370519259_-1060131261","id":"20250530-004312_458850785","dateCreated":"2025-06-08T15:15:19+0700","status":"READY","errorMessage":"","progressUpdateIntervalMs":500,"$$hashKey":"object:1227"}],"name":"GRPR03/NopBai/EvaluateOCR","id":"2KVET6CEY","noteParams":{},"noteForms":{},"angularObjects":{"md:shared_process":[]},"config":{"isZeppelinNotebookCronEnable":false,"looknfeel":"default","personalizedMode":"false"},"info":{}}