﻿{"paragraphs":[{"text":"z.install('fitz')\nz.install('PyPDF2==1.19', force=True)\nz.install('PyMuPDF')\nz.install('pdfminer.six')\nz.install('paddleocr==2.10.0',force=True)\nz.install('paddlepaddle')\nz.install('vietocr')\nz.install('nltk')","user":"21110656","dateUpdated":"2025-06-08T15:10:34+0700","config":{"editorSetting":{"language":"python","editOnDblClick":false,"completionKey":"TAB","completionSupport":true},"colWidth":12,"editorMode":"ace/mode/python","fontSize":14,"results":{},"enabled":true},"settings":{"params":{},"forms":{}},"results":{"code":"SUCCESS","msg":[{"type":"TEXT","data":"Collecting fitz\r\n  Using cached fitz-0.0.1.dev2-py2.py3-none-any.whl.metadata (816 bytes)\r\nCollecting configobj (from fitz)\r\n  Using cached configobj-5.0.9-py2.py3-none-any.whl.metadata (3.2 kB)\r\nCollecting configparser (from fitz)\r\n  Using cached configparser-7.2.0-py3-none-any.whl.metadata (5.5 kB)\r\nCollecting httplib2 (from fitz)\r\n  Using cached httplib2-0.22.0-py3-none-any.whl.metadata (2.6 kB)\r\nCollecting nibabel (from fitz)\r\n  Using cached nibabel-5.3.2-py3-none-any.whl.metadata (9.1 kB)\r\nCollecting nipype (from fitz)\r\n  Using cached nipype-1.10.0-py3-none-any.whl.metadata (7.1 kB)\r\nCollecting numpy (from fitz)\r\n  Using cached numpy-2.2.6-cp311-cp311-win_amd64.whl.metadata (60 kB)\r\nCollecting pandas (from fitz)\r\n  Using cached pandas-2.3.0-cp311-cp311-win_amd64.whl.metadata (19 kB)\r\nCollecting pyxnat (from fitz)\r\n  Using cached pyxnat-1.6.3-py3-none-any.whl.metadata (5.4 kB)\r\nCollecting scipy (from fitz)\r\n  Using cached scipy-1.15.3-cp311-cp311-win_amd64.whl.metadata (60 kB)\r\nCollecting pyparsing!=3.0.0,!=3.0.1,!=3.0.2,!=3.0.3,<4,>=2.4.2 (from httplib2->fitz)\r\n  Using cached pyparsing-3.2.3-py3-none-any.whl.metadata (5.0 kB)\r\nCollecting importlib-resources>=5.12 (from nibabel->fitz)\r\n  Using cached importlib_resources-6.5.2-py3-none-any.whl.metadata (3.9 kB)\r\nCollecting packaging>=20 (from nibabel->fitz)\r\n  Using cached packaging-25.0-py3-none-any.whl.metadata (3.3 kB)\r\nCollecting typing-extensions>=4.6 (from nibabel->fitz)\r\n  Using cached typing_extensions-4.14.0-py3-none-any.whl.metadata (3.0 kB)\r\nCollecting click>=6.6.0 (from nipype->fitz)\r\n  Using cached click-8.2.1-py3-none-any.whl.metadata (2.5 kB)\r\nCollecting networkx>=2.5 (from nipype->fitz)\r\n  Using cached networkx-3.5-py3-none-any.whl.metadata (6.3 kB)\r\nCollecting prov>=1.5.2 (from nipype->fitz)\r\n  Using cached prov-2.0.1-py3-none-any.whl.metadata (3.6 kB)\r\nCollecting pydot>=1.2.3 (from nipype->fitz)\r\n  Using cached pydot-4.0.0-py3-none-any.whl.metadata (10 kB)\r\nCollecting python-dateutil>=2.2 (from nipype->fitz)\r\n  Using cached python_dateutil-2.9.0.post0-py2.py3-none-any.whl.metadata (8.4 kB)\r\nCollecting rdflib>=5.0.0 (from nipype->fitz)\r\n  Using cached rdflib-7.1.4-py3-none-any.whl.metadata (11 kB)\r\nCollecting simplejson>=3.8.0 (from nipype->fitz)\r\n  Using cached simplejson-3.20.1-cp311-cp311-win_amd64.whl.metadata (3.4 kB)\r\nCollecting traits>=6.2 (from nipype->fitz)\r\n  Using cached traits-7.0.2-cp311-cp311-win_amd64.whl.metadata (4.9 kB)\r\nCollecting filelock>=3.0.0 (from nipype->fitz)\r\n  Using cached filelock-3.18.0-py3-none-any.whl.metadata (2.9 kB)\r\nCollecting acres (from nipype->fitz)\r\n  Using cached acres-0.5.0-py3-none-any.whl.metadata (6.2 kB)\r\nCollecting etelemetry>=0.3.1 (from nipype->fitz)\r\n  Using cached etelemetry-0.3.1-py3-none-any.whl.metadata (3.2 kB)\r\nCollecting looseversion!=1.2 (from nipype->fitz)\r\n  Using cached looseversion-1.3.0-py2.py3-none-any.whl.metadata (4.6 kB)\r\nCollecting puremagic (from nipype->fitz)\r\n  Using cached puremagic-1.29-py3-none-any.whl.metadata (5.8 kB)\r\nCollecting colorama (from click>=6.6.0->nipype->fitz)\r\n  Using cached colorama-0.4.6-py2.py3-none-any.whl.metadata (17 kB)\r\nCollecting requests (from etelemetry>=0.3.1->nipype->fitz)\r\n  Using cached requests-2.32.3-py3-none-any.whl.metadata (4.6 kB)\r\nCollecting ci-info>=0.2 (from etelemetry>=0.3.1->nipype->fitz)\r\n  Using cached ci_info-0.3.0-py3-none-any.whl.metadata (6.1 kB)\r\nCollecting lxml>=3.3.5 (from prov>=1.5.2->nipype->fitz)\r\n  Using cached lxml-5.4.0-cp311-cp311-win_amd64.whl.metadata (3.6 kB)\r\nCollecting rdflib>=5.0.0 (from nipype->fitz)\r\n  Using cached rdflib-6.3.2-py3-none-any.whl.metadata (11 kB)\r\nCollecting isodate<0.7.0,>=0.6.0 (from rdflib>=5.0.0->nipype->fitz)\r\n  Using cached isodate-0.6.1-py2.py3-none-any.whl.metadata (9.6 kB)\r\nCollecting six (from isodate<0.7.0,>=0.6.0->rdflib>=5.0.0->nipype->fitz)\r\n  Using cached six-1.17.0-py2.py3-none-any.whl.metadata (1.7 kB)\r\nCollecting pytz>=2020.1 (from pandas->fitz)\r\n  Using cached pytz-2025.2-py2.py3-none-any.whl.metadata (22 kB)\r\nCollecting tzdata>=2022.7 (from pandas->fitz)\r\n  Using cached tzdata-2025.2-py2.py3-none-any.whl.metadata (1.4 kB)\r\nCollecting pathlib>=1.0 (from pyxnat->fitz)\r\n  Using cached pathlib-1.0.1-py3-none-any.whl.metadata (5.1 kB)\r\nCollecting charset-normalizer<4,>=2 (from requests->etelemetry>=0.3.1->nipype->fitz)\r\n  Using cached charset_normalizer-3.4.2-cp311-cp311-win_amd64.whl.metadata (36 kB)\r\nCollecting idna<4,>=2.5 (from requests->etelemetry>=0.3.1->nipype->fitz)\r\n  Using cached idna-3.10-py3-none-any.whl.metadata (10 kB)\r\nCollecting urllib3<3,>=1.21.1 (from requests->etelemetry>=0.3.1->nipype->fitz)\r\n  Using cached urllib3-2.4.0-py3-none-any.whl.metadata (6.5 kB)\r\nCollecting certifi>=2017.4.17 (from requests->etelemetry>=0.3.1->nipype->fitz)\r\n  Using cached certifi-2025.4.26-py3-none-any.whl.metadata (2.5 kB)\r\nUsing cached fitz-0.0.1.dev2-py2.py3-none-any.whl (20 kB)\r\nUsing cached configobj-5.0.9-py2.py3-none-any.whl (35 kB)\r\nUsing cached configparser-7.2.0-py3-none-any.whl (17 kB)\r\nUsing cached httplib2-0.22.0-py3-none-any.whl (96 kB)\r\nUsing cached pyparsing-3.2.3-py3-none-any.whl (111 kB)\r\nUsing cached nibabel-5.3.2-py3-none-any.whl (3.3 MB)\r\nUsing cached importlib_resources-6.5.2-py3-none-any.whl (37 kB)\r\nUsing cached numpy-2.2.6-cp311-cp311-win_amd64.whl (12.9 MB)\r\nUsing cached packaging-25.0-py3-none-any.whl (66 kB)\r\nUsing cached typing_extensions-4.14.0-py3-none-any.whl (43 kB)\r\nUsing cached nipype-1.10.0-py3-none-any.whl (3.2 MB)\r\nUsing cached click-8.2.1-py3-none-any.whl (102 kB)\r\nUsing cached etelemetry-0.3.1-py3-none-any.whl (6.4 kB)\r\nUsing cached ci_info-0.3.0-py3-none-any.whl (7.8 kB)\r\nUsing cached filelock-3.18.0-py3-none-any.whl (16 kB)\r\nUsing cached looseversion-1.3.0-py2.py3-none-any.whl (8.2 kB)\r\nUsing cached networkx-3.5-py3-none-any.whl (2.0 MB)\r\nUsing cached prov-2.0.1-py3-none-any.whl (421 kB)\r\nUsing cached rdflib-6.3.2-py3-none-any.whl (528 kB)\r\nUsing cached isodate-0.6.1-py2.py3-none-any.whl (41 kB)\r\nUsing cached lxml-5.4.0-cp311-cp311-win_amd64.whl (3.8 MB)\r\nUsing cached pydot-4.0.0-py3-none-any.whl (37 kB)\r\nUsing cached python_dateutil-2.9.0.post0-py2.py3-none-any.whl (229 kB)\r\nUsing cached scipy-1.15.3-cp311-cp311-win_amd64.whl (41.2 MB)\r\nUsing cached simplejson-3.20.1-cp311-cp311-win_amd64.whl (75 kB)\r\nUsing cached six-1.17.0-py2.py3-none-any.whl (11 kB)\r\nUsing cached traits-7.0.2-cp311-cp311-win_amd64.whl (5.0 MB)\r\nUsing cached acres-0.5.0-py3-none-any.whl (12 kB)\r\nUsing cached colorama-0.4.6-py2.py3-none-any.whl (25 kB)\r\nUsing cached pandas-2.3.0-cp311-cp311-win_amd64.whl (11.1 MB)\r\nUsing cached pytz-2025.2-py2.py3-none-any.whl (509 kB)\r\nUsing cached tzdata-2025.2-py2.py3-none-any.whl (347 kB)\r\nUsing cached puremagic-1.29-py3-none-any.whl (43 kB)\r\nUsing cached pyxnat-1.6.3-py3-none-any.whl (95 kB)\r\nUsing cached pathlib-1.0.1-py3-none-any.whl (14 kB)\r\nUsing cached requests-2.32.3-py3-none-any.whl (64 kB)\r\nUsing cached charset_normalizer-3.4.2-cp311-cp311-win_amd64.whl (105 kB)\r\nUsing cached idna-3.10-py3-none-any.whl (70 kB)\r\nUsing cached urllib3-2.4.0-py3-none-any.whl (128 kB)\r\nUsing cached certifi-2025.4.26-py3-none-any.whl (159 kB)\r\nInstalling collected packages: pytz, puremagic, pathlib, looseversion, urllib3, tzdata, typing-extensions, traits, six, simplejson, pyparsing, packaging, numpy, networkx, lxml, importlib-resources, idna, filelock, configparser, configobj, colorama, ci-info, charset-normalizer, certifi, acres, scipy, requests, python-dateutil, pydot, nibabel, isodate, httplib2, click, rdflib, pyxnat, pandas, etelemetry, prov, nipype, fitz\r\n\r\nERROR: pip's dependency resolver does not currently take into account all the packages that are installed. This behaviour is the source of the following dependency conflicts.\r\nautogen 0.3.1 requires numpy<2,>=1.17.0, but you have numpy 2.2.6 which is incompatible.\r\nchromadb 0.5.3 requires numpy<2.0.0,>=1.22.5, but you have numpy 2.2.6 which is incompatible.\r\ncontourpy 1.2.0 requires numpy<2.0,>=1.20, but you have numpy 2.2.6 which is incompatible.\r\nlangchain 0.3.14 requires numpy<2,>=1.22.4; python_version < \"3.12\", but you have numpy 2.2.6 which is incompatible.\r\nlangchain-chroma 0.1.4 requires numpy<2,>=1; python_version < \"3.12\", but you have numpy 2.2.6 which is incompatible.\r\nlangchain-community 0.3.14 requires numpy<2,>=1.22.4; python_version < \"3.12\", but you have numpy 2.2.6 which is incompatible.\r\nlangchain-core 0.3.29 requires packaging<25,>=23.2, but you have packaging 25.0 which is incompatible.\r\nlangchain-google-genai 1.0.8 requires langchain-core<0.3,>=0.2.17, but you have langchain-core 0.3.29 which is incompatible.\r\nlangchain-mongodb 0.2.0 requires numpy<2,>=1; python_version < \"3.12\", but you have numpy 2.2.6 which is incompatible.\r\nlangchain-openai 0.1.21 requires langchain-core<0.3.0,>=0.2.29, but you have langchain-core 0.3.29 which is incompatible.\r\nlangchain-pinecone 0.2.0 requires numpy<2,>=1; python_version < \"3.12\", but you have numpy 2.2.6 which is incompatible.\r\nlangchain-qdrant 0.1.3 requires langchain-core<0.3,>=0.1.52, but you have langchain-core 0.3.29 which is incompatible.\r\nnumba 0.60.0 requires numpy<2.1,>=1.22, but you have numpy 2.2.6 which is incompatible.\r\nonnxruntime 1.18.1 requires numpy<2.0,>=1.21.6, but you have numpy 2.2.6 which is incompatible.\r\nSuccessfully installed acres-0.5.0 certifi-2025.4.26 charset-normalizer-3.4.2 ci-info-0.3.0 click-8.2.1 colorama-0.4.6 configobj-5.0.9 configparser-7.2.0 etelemetry-0.3.1 filelock-3.18.0 fitz-0.0.1.dev2 httplib2-0.22.0 idna-3.10 importlib-resources-6.5.2 isodate-0.6.1 looseversion-1.3.0 lxml-5.4.0 networkx-3.5 nibabel-5.3.2 nipype-1.10.0 numpy-2.2.6 packaging-25.0 pandas-2.3.0 pathlib-1.0.1 prov-2.0.1 puremagic-1.29 pydot-4.0.0 pyparsing-3.2.3 python-dateutil-2.9.0.post0 pytz-2025.2 pyxnat-1.6.3 rdflib-6.3.2 requests-2.32.3 scipy-1.15.3 simplejson-3.20.1 six-1.17.0 traits-7.0.2 typing-extensions-4.14.0 tzdata-2025.2 urllib3-2.4.0\r\nCollecting PyPDF2==1.19\r\n  Using cached PyPDF2-1.19-py3-none-any.whl\r\nInstalling collected packages: PyPDF2\r\nSuccessfully installed PyPDF2-1.19\r\nCollecting PyMuPDF\r\n  Using cached pymupdf-1.26.0-cp39-abi3-win_amd64.whl.metadata (3.4 kB)\r\nUsing cached pymupdf-1.26.0-cp39-abi3-win_amd64.whl (18.5 MB)\r\nInstalling collected packages: PyMuPDF\r\nSuccessfully installed PyMuPDF-1.26.0\r\nCollecting pdfminer.six\r\n  Using cached pdfminer_six-20250506-py3-none-any.whl.metadata (4.2 kB)\r\nCollecting charset-normalizer>=2.0.0 (from pdfminer.six)\r\n  Using cached charset_normalizer-3.4.2-cp311-cp311-win_amd64.whl.metadata (36 kB)\r\nCollecting cryptography>=36.0.0 (from pdfminer.six)\r\n  Using cached cryptography-45.0.3-cp311-abi3-win_amd64.whl.metadata (5.7 kB)\r\nCollecting cffi>=1.14 (from cryptography>=36.0.0->pdfminer.six)\r\n  Using cached cffi-1.17.1-cp311-cp311-win_amd64.whl.metadata (1.6 kB)\r\nCollecting pycparser (from cffi>=1.14->cryptography>=36.0.0->pdfminer.six)\r\n  Using cached pycparser-2.22-py3-none-any.whl.metadata (943 bytes)\r\nUsing cached pdfminer_six-20250506-py3-none-any.whl (5.6 MB)\r\nUsing cached charset_normalizer-3.4.2-cp311-cp311-win_amd64.whl (105 kB)\r\nUsing cached cryptography-45.0.3-cp311-abi3-win_amd64.whl (3.4 MB)\r\nUsing cached cffi-1.17.1-cp311-cp311-win_amd64.whl (181 kB)\r\nUsing cached pycparser-2.22-py3-none-any.whl (117 kB)\r\nInstalling collected packages: pycparser, charset-normalizer, cffi, cryptography, pdfminer.six\r\n\r\nSuccessfully installed cffi-1.17.1 charset-normalizer-3.4.2 cryptography-45.0.3 pdfminer.six-20250506 pycparser-2.22\r\nCollecting paddleocr==2.10.0\r\n  Using cached paddleocr-2.10.0-py3-none-any.whl.metadata (12 kB)\r\nCollecting shapely (from paddleocr==2.10.0)\r\n  Using cached shapely-2.1.1-cp311-cp311-win_amd64.whl.metadata (7.0 kB)\r\nCollecting scikit-image (from paddleocr==2.10.0)\r\n  Using cached scikit_image-0.25.2-cp311-cp311-win_amd64.whl.metadata (14 kB)\r\nCollecting pyclipper (from paddleocr==2.10.0)\r\n  Using cached pyclipper-1.3.0.post6-cp311-cp311-win_amd64.whl.metadata (9.2 kB)\r\nCollecting lmdb (from paddleocr==2.10.0)\r\n  Using cached lmdb-1.6.2-cp311-cp311-win_amd64.whl.metadata (1.1 kB)\r\nCollecting tqdm (from paddleocr==2.10.0)\r\n  Using cached tqdm-4.67.1-py3-none-any.whl.metadata (57 kB)\r\nCollecting numpy (from paddleocr==2.10.0)\r\n  Using cached numpy-2.2.6-cp311-cp311-win_amd64.whl.metadata (60 kB)\r\nCollecting rapidfuzz (from paddleocr==2.10.0)\r\n  Using cached rapidfuzz-3.13.0-cp311-cp311-win_amd64.whl.metadata (12 kB)\r\nCollecting opencv-python (from paddleocr==2.10.0)\r\n  Using cached opencv_python-4.11.0.86-cp37-abi3-win_amd64.whl.metadata (20 kB)\r\nCollecting opencv-contrib-python (from paddleocr==2.10.0)\r\n  Using cached opencv_contrib_python-4.11.0.86-cp37-abi3-win_amd64.whl.metadata (20 kB)\r\nCollecting cython (from paddleocr==2.10.0)\r\n  Using cached cython-3.1.1-cp311-cp311-win_amd64.whl.metadata (3.6 kB)\r\nCollecting Pillow (from paddleocr==2.10.0)\r\n  Using cached pillow-11.2.1-cp311-cp311-win_amd64.whl.metadata (9.1 kB)\r\nCollecting pyyaml (from paddleocr==2.10.0)\r\n  Using cached PyYAML-6.0.2-cp311-cp311-win_amd64.whl.metadata (2.1 kB)\r\nCollecting python-docx (from paddleocr==2.10.0)\r\n  Using cached python_docx-1.1.2-py3-none-any.whl.metadata (2.0 kB)\r\nCollecting beautifulsoup4 (from paddleocr==2.10.0)\r\n  Using cached beautifulsoup4-4.13.4-py3-none-any.whl.metadata (3.8 kB)\r\nCollecting fonttools>=4.24.0 (from paddleocr==2.10.0)\r\n  Using cached fonttools-4.58.2-cp311-cp311-win_amd64.whl.metadata (108 kB)\r\nCollecting fire>=0.3.0 (from paddleocr==2.10.0)\r\n  Using cached fire-0.7.0-py3-none-any.whl\r\nCollecting requests (from paddleocr==2.10.0)\r\n  Using cached requests-2.32.3-py3-none-any.whl.metadata (4.6 kB)\r\nCollecting albumentations (from paddleocr==2.10.0)\r\n  Using cached albumentations-2.0.8-py3-none-any.whl.metadata (43 kB)\r\nCollecting albucore (from paddleocr==2.10.0)\r\n  Using cached albucore-0.0.24-py3-none-any.whl.metadata (5.3 kB)\r\nCollecting termcolor (from fire>=0.3.0->paddleocr==2.10.0)\r\n  Using cached termcolor-3.1.0-py3-none-any.whl.metadata (6.4 kB)\r\nCollecting stringzilla>=3.10.4 (from albucore->paddleocr==2.10.0)\r\n  Using cached stringzilla-3.12.5-cp311-cp311-win_amd64.whl.metadata (81 kB)\r\nCollecting simsimd>=5.9.2 (from albucore->paddleocr==2.10.0)\r\n  Using cached simsimd-6.4.7-cp311-cp311-win_amd64.whl.metadata (67 kB)\r\nCollecting opencv-python-headless>=4.9.0.80 (from albucore->paddleocr==2.10.0)\r\n  Using cached opencv_python_headless-4.11.0.86-cp37-abi3-win_amd64.whl.metadata (20 kB)\r\nCollecting scipy>=1.10.0 (from albumentations->paddleocr==2.10.0)\r\n  Using cached scipy-1.15.3-cp311-cp311-win_amd64.whl.metadata (60 kB)\r\nCollecting pydantic>=2.9.2 (from albumentations->paddleocr==2.10.0)\r\n  Using cached pydantic-2.11.5-py3-none-any.whl.metadata (67 kB)\r\nCollecting annotated-types>=0.6.0 (from pydantic>=2.9.2->albumentations->paddleocr==2.10.0)\r\n  Using cached annotated_types-0.7.0-py3-none-any.whl.metadata (15 kB)\r\nCollecting pydantic-core==2.33.2 (from pydantic>=2.9.2->albumentations->paddleocr==2.10.0)\r\n  Using cached pydantic_core-2.33.2-cp311-cp311-win_amd64.whl.metadata (6.9 kB)\r\nCollecting typing-extensions>=4.12.2 (from pydantic>=2.9.2->albumentations->paddleocr==2.10.0)\r\n  Using cached typing_extensions-4.14.0-py3-none-any.whl.metadata (3.0 kB)\r\nCollecting typing-inspection>=0.4.0 (from pydantic>=2.9.2->albumentations->paddleocr==2.10.0)\r\n  Using cached typing_inspection-0.4.1-py3-none-any.whl.metadata (2.6 kB)\r\nCollecting soupsieve>1.2 (from beautifulsoup4->paddleocr==2.10.0)\r\n  Using cached soupsieve-2.7-py3-none-any.whl.metadata (4.6 kB)\r\nCollecting lxml>=3.1.0 (from python-docx->paddleocr==2.10.0)\r\n  Using cached lxml-5.4.0-cp311-cp311-win_amd64.whl.metadata (3.6 kB)\r\nCollecting charset-normalizer<4,>=2 (from requests->paddleocr==2.10.0)\r\n  Using cached charset_normalizer-3.4.2-cp311-cp311-win_amd64.whl.metadata (36 kB)\r\nCollecting idna<4,>=2.5 (from requests->paddleocr==2.10.0)\r\n  Using cached idna-3.10-py3-none-any.whl.metadata (10 kB)\r\nCollecting urllib3<3,>=1.21.1 (from requests->paddleocr==2.10.0)\r\n  Using cached urllib3-2.4.0-py3-none-any.whl.metadata (6.5 kB)\r\nCollecting certifi>=2017.4.17 (from requests->paddleocr==2.10.0)\r\n  Using cached certifi-2025.4.26-py3-none-any.whl.metadata (2.5 kB)\r\nCollecting networkx>=3.0 (from scikit-image->paddleocr==2.10.0)\r\n  Using cached networkx-3.5-py3-none-any.whl.metadata (6.3 kB)\r\nCollecting imageio!=2.35.0,>=2.33 (from scikit-image->paddleocr==2.10.0)\r\n  Using cached imageio-2.37.0-py3-none-any.whl.metadata (5.2 kB)\r\nCollecting tifffile>=2022.8.12 (from scikit-image->paddleocr==2.10.0)\r\n  Using cached tifffile-2025.6.1-py3-none-any.whl.metadata (32 kB)\r\nCollecting packaging>=21 (from scikit-image->paddleocr==2.10.0)\r\n  Using cached packaging-25.0-py3-none-any.whl.metadata (3.3 kB)\r\nCollecting lazy-loader>=0.4 (from scikit-image->paddleocr==2.10.0)\r\n  Using cached lazy_loader-0.4-py3-none-any.whl.metadata (7.6 kB)\r\nCollecting colorama (from tqdm->paddleocr==2.10.0)\r\n  Using cached colorama-0.4.6-py2.py3-none-any.whl.metadata (17 kB)\r\nUsing cached paddleocr-2.10.0-py3-none-any.whl (2.4 MB)\r\nUsing cached fonttools-4.58.2-cp311-cp311-win_amd64.whl (2.2 MB)\r\nUsing cached albucore-0.0.24-py3-none-any.whl (15 kB)\r\nUsing cached numpy-2.2.6-cp311-cp311-win_amd64.whl (12.9 MB)\r\nUsing cached opencv_python_headless-4.11.0.86-cp37-abi3-win_amd64.whl (39.4 MB)\r\nUsing cached simsimd-6.4.7-cp311-cp311-win_amd64.whl (94 kB)\r\nUsing cached stringzilla-3.12.5-cp311-cp311-win_amd64.whl (80 kB)\r\nUsing cached albumentations-2.0.8-py3-none-any.whl (369 kB)\r\nUsing cached pydantic-2.11.5-py3-none-any.whl (444 kB)\r\nUsing cached pydantic_core-2.33.2-cp311-cp311-win_amd64.whl (2.0 MB)\r\nUsing cached annotated_types-0.7.0-py3-none-any.whl (13 kB)\r\nUsing cached scipy-1.15.3-cp311-cp311-win_amd64.whl (41.2 MB)\r\nUsing cached typing_extensions-4.14.0-py3-none-any.whl (43 kB)\r\nUsing cached typing_inspection-0.4.1-py3-none-any.whl (14 kB)\r\nUsing cached beautifulsoup4-4.13.4-py3-none-any.whl (187 kB)\r\nUsing cached soupsieve-2.7-py3-none-any.whl (36 kB)\r\nUsing cached cython-3.1.1-cp311-cp311-win_amd64.whl (2.7 MB)\r\nUsing cached lmdb-1.6.2-cp311-cp311-win_amd64.whl (100 kB)\r\nUsing cached opencv_contrib_python-4.11.0.86-cp37-abi3-win_amd64.whl (46.2 MB)\r\nUsing cached opencv_python-4.11.0.86-cp37-abi3-win_amd64.whl (39.5 MB)\r\nUsing cached pillow-11.2.1-cp311-cp311-win_amd64.whl (2.7 MB)\r\nUsing cached pyclipper-1.3.0.post6-cp311-cp311-win_amd64.whl (110 kB)\r\nUsing cached python_docx-1.1.2-py3-none-any.whl (244 kB)\r\nUsing cached lxml-5.4.0-cp311-cp311-win_amd64.whl (3.8 MB)\r\nUsing cached PyYAML-6.0.2-cp311-cp311-win_amd64.whl (161 kB)\r\nUsing cached rapidfuzz-3.13.0-cp311-cp311-win_amd64.whl (1.6 MB)\r\nUsing cached requests-2.32.3-py3-none-any.whl (64 kB)\r\nUsing cached charset_normalizer-3.4.2-cp311-cp311-win_amd64.whl (105 kB)\r\nUsing cached idna-3.10-py3-none-any.whl (70 kB)\r\nUsing cached urllib3-2.4.0-py3-none-any.whl (128 kB)\r\nUsing cached certifi-2025.4.26-py3-none-any.whl (159 kB)\r\nUsing cached scikit_image-0.25.2-cp311-cp311-win_amd64.whl (12.8 MB)\r\nUsing cached imageio-2.37.0-py3-none-any.whl (315 kB)\r\nUsing cached lazy_loader-0.4-py3-none-any.whl (12 kB)\r\nUsing cached networkx-3.5-py3-none-any.whl (2.0 MB)\r\nUsing cached packaging-25.0-py3-none-any.whl (66 kB)\r\nUsing cached tifffile-2025.6.1-py3-none-any.whl (230 kB)\r\nUsing cached shapely-2.1.1-cp311-cp311-win_amd64.whl (1.7 MB)\r\nUsing cached termcolor-3.1.0-py3-none-any.whl (7.7 kB)\r\nUsing cached tqdm-4.67.1-py3-none-any.whl (78 kB)\r\nUsing cached colorama-0.4.6-py2.py3-none-any.whl (25 kB)\r\nInstalling collected packages: stringzilla, simsimd, pyclipper, lmdb, urllib3, typing-extensions, termcolor, soupsieve, rapidfuzz, pyyaml, Pillow, packaging, numpy, networkx, lxml, idna, fonttools, cython, colorama, charset-normalizer, certifi, annotated-types, typing-inspection, tqdm, tifffile, shapely, scipy, requests, python-docx, pydantic-core, opencv-python-headless, opencv-python, opencv-contrib-python, lazy-loader, imageio, fire, beautifulsoup4, scikit-image, pydantic, albucore, albumentations, paddleocr\r\n\r\nERROR: pip's dependency resolver does not currently take into account all the packages that are installed. This behaviour is the source of the following dependency conflicts.\r\nautogen 0.3.1 requires numpy<2,>=1.17.0, but you have numpy 2.2.6 which is incompatible.\r\nchromadb 0.5.3 requires numpy<2.0.0,>=1.22.5, but you have numpy 2.2.6 which is incompatible.\r\ncontourpy 1.2.0 requires numpy<2.0,>=1.20, but you have numpy 2.2.6 which is incompatible.\r\nfig2sketch 0.3.6 requires fonttools==4.43.0, but you have fonttools 4.58.2 which is incompatible.\r\nfig2sketch 0.3.6 requires Pillow==10.3.0, but you have pillow 11.2.1 which is incompatible.\r\ngradio 5.1.0 requires pillow<11.0,>=8.0, but you have pillow 11.2.1 which is incompatible.\r\nlangchain 0.3.14 requires numpy<2,>=1.22.4; python_version < \"3.12\", but you have numpy 2.2.6 which is incompatible.\r\nlangchain-chroma 0.1.4 requires numpy<2,>=1; python_version < \"3.12\", but you have numpy 2.2.6 which is incompatible.\r\nlangchain-community 0.3.14 requires numpy<2,>=1.22.4; python_version < \"3.12\", but you have numpy 2.2.6 which is incompatible.\r\nlangchain-core 0.3.29 requires packaging<25,>=23.2, but you have packaging 25.0 which is incompatible.\r\nlangchain-google-genai 1.0.8 requires langchain-core<0.3,>=0.2.17, but you have langchain-core 0.3.29 which is incompatible.\r\nlangchain-mongodb 0.2.0 requires numpy<2,>=1; python_version < \"3.12\", but you have numpy 2.2.6 which is incompatible.\r\nlangchain-openai 0.1.21 requires langchain-core<0.3.0,>=0.2.29, but you have langchain-core 0.3.29 which is incompatible.\r\nlangchain-pinecone 0.2.0 requires numpy<2,>=1; python_version < \"3.12\", but you have numpy 2.2.6 which is incompatible.\r\nlangchain-qdrant 0.1.3 requires langchain-core<0.3,>=0.1.52, but you have langchain-core 0.3.29 which is incompatible.\r\nnumba 0.60.0 requires numpy<2.1,>=1.22, but you have numpy 2.2.6 which is incompatible.\r\nonnxruntime 1.18.1 requires numpy<2.0,>=1.21.6, but you have numpy 2.2.6 which is incompatible.\r\nSuccessfully installed Pillow-11.2.1 albucore-0.0.24 albumentations-2.0.8 annotated-types-0.7.0 beautifulsoup4-4.13.4 certifi-2025.4.26 charset-normalizer-3.4.2 colorama-0.4.6 cython-3.1.1 fire-0.7.0 fonttools-4.58.2 idna-3.10 imageio-2.37.0 lazy-loader-0.4 lmdb-1.6.2 lxml-5.4.0 networkx-3.5 numpy-2.2.6 opencv-contrib-python-4.11.0.86 opencv-python-4.11.0.86 opencv-python-headless-4.11.0.86 packaging-25.0 paddleocr-2.10.0 pyclipper-1.3.0.post6 pydantic-2.11.5 pydantic-core-2.33.2 python-docx-1.1.2 pyyaml-6.0.2 rapidfuzz-3.13.0 requests-2.32.3 scikit-image-0.25.2 scipy-1.15.3 shapely-2.1.1 simsimd-6.4.7 soupsieve-2.7 stringzilla-3.12.5 termcolor-3.1.0 tifffile-2025.6.1 tqdm-4.67.1 typing-extensions-4.14.0 typing-inspection-0.4.1 urllib3-2.4.0\r\nCollecting paddlepaddle\r\n  Using cached paddlepaddle-3.0.0-cp311-cp311-win_amd64.whl.metadata (8.8 kB)\r\nCollecting httpx (from paddlepaddle)\r\n  Using cached httpx-0.28.1-py3-none-any.whl.metadata (7.1 kB)\r\nCollecting numpy>=1.21 (from paddlepaddle)\r\n  Using cached numpy-2.2.6-cp311-cp311-win_amd64.whl.metadata (60 kB)\r\nCollecting protobuf>=3.20.2 (from paddlepaddle)\r\n  Using cached protobuf-6.31.1-cp310-abi3-win_amd64.whl.metadata (593 bytes)\r\nCollecting Pillow (from paddlepaddle)\r\n  Using cached pillow-11.2.1-cp311-cp311-win_amd64.whl.metadata (9.1 kB)\r\nCollecting decorator (from paddlepaddle)\r\n  Using cached decorator-5.2.1-py3-none-any.whl.metadata (3.9 kB)\r\nCollecting astor (from paddlepaddle)\r\n  Using cached astor-0.8.1-py2.py3-none-any.whl.metadata (4.2 kB)\r\nCollecting opt-einsum==3.3.0 (from paddlepaddle)\r\n  Using cached opt_einsum-3.3.0-py3-none-any.whl.metadata (6.5 kB)\r\nCollecting networkx (from paddlepaddle)\r\n  Using cached networkx-3.5-py3-none-any.whl.metadata (6.3 kB)\r\nCollecting typing-extensions (from paddlepaddle)\r\n  Using cached typing_extensions-4.14.0-py3-none-any.whl.metadata (3.0 kB)\r\nCollecting anyio (from httpx->paddlepaddle)\r\n  Using cached anyio-4.9.0-py3-none-any.whl.metadata (4.7 kB)\r\nCollecting certifi (from httpx->paddlepaddle)\r\n  Using cached certifi-2025.4.26-py3-none-any.whl.metadata (2.5 kB)\r\nCollecting httpcore==1.* (from httpx->paddlepaddle)\r\n  Using cached httpcore-1.0.9-py3-none-any.whl.metadata (21 kB)\r\nCollecting idna (from httpx->paddlepaddle)\r\n  Using cached idna-3.10-py3-none-any.whl.metadata (10 kB)\r\nCollecting h11>=0.16 (from httpcore==1.*->httpx->paddlepaddle)\r\n  Using cached h11-0.16.0-py3-none-any.whl.metadata (8.3 kB)\r\nCollecting sniffio>=1.1 (from anyio->httpx->paddlepaddle)\r\n  Using cached sniffio-1.3.1-py3-none-any.whl.metadata (3.9 kB)\r\nUsing cached paddlepaddle-3.0.0-cp311-cp311-win_amd64.whl (97.0 MB)\r\nUsing cached opt_einsum-3.3.0-py3-none-any.whl (65 kB)\r\nUsing cached numpy-2.2.6-cp311-cp311-win_amd64.whl (12.9 MB)\r\nUsing cached protobuf-6.31.1-cp310-abi3-win_amd64.whl (435 kB)\r\nUsing cached astor-0.8.1-py2.py3-none-any.whl (27 kB)\r\nUsing cached decorator-5.2.1-py3-none-any.whl (9.2 kB)\r\nUsing cached httpx-0.28.1-py3-none-any.whl (73 kB)\r\nUsing cached httpcore-1.0.9-py3-none-any.whl (78 kB)\r\nUsing cached h11-0.16.0-py3-none-any.whl (37 kB)\r\nUsing cached anyio-4.9.0-py3-none-any.whl (100 kB)\r\nUsing cached idna-3.10-py3-none-any.whl (70 kB)\r\nUsing cached sniffio-1.3.1-py3-none-any.whl (10 kB)\r\nUsing cached typing_extensions-4.14.0-py3-none-any.whl (43 kB)\r\nUsing cached certifi-2025.4.26-py3-none-any.whl (159 kB)\r\nUsing cached networkx-3.5-py3-none-any.whl (2.0 MB)\r\nUsing cached pillow-11.2.1-cp311-cp311-win_amd64.whl (2.7 MB)\r\nInstalling collected packages: typing-extensions, sniffio, protobuf, Pillow, numpy, networkx, idna, h11, decorator, certifi, astor, opt-einsum, httpcore, anyio, httpx, paddlepaddle\r\n\r\nERROR: pip's dependency resolver does not currently take into account all the packages that are installed. This behaviour is the source of the following dependency conflicts.\r\nautogen 0.3.1 requires numpy<2,>=1.17.0, but you have numpy 2.2.6 which is incompatible.\r\nchromadb 0.5.3 requires numpy<2.0.0,>=1.22.5, but you have numpy 2.2.6 which is incompatible.\r\ncontourpy 1.2.0 requires numpy<2.0,>=1.20, but you have numpy 2.2.6 which is incompatible.\r\nfig2sketch 0.3.6 requires Pillow==10.3.0, but you have pillow 11.2.1 which is incompatible.\r\ngoogleapis-common-protos 1.63.2 requires protobuf!=3.20.0,!=3.20.1,!=4.21.1,!=4.21.2,!=4.21.3,!=4.21.4,!=4.21.5,<6.0.0.dev0,>=3.20.2, but you have protobuf 6.31.1 which is incompatible.\r\ngoogle-ai-generativelanguage 0.6.6 requires protobuf!=3.20.0,!=3.20.1,!=4.21.0,!=4.21.1,!=4.21.2,!=4.21.3,!=4.21.4,!=4.21.5,<5.0.0dev,>=3.19.5, but you have protobuf 6.31.1 which is incompatible.\r\ngoogle-api-core 2.19.1 requires protobuf!=3.20.0,!=3.20.1,!=4.21.0,!=4.21.1,!=4.21.2,!=4.21.3,!=4.21.4,!=4.21.5,<6.0.0.dev0,>=3.19.5, but you have protobuf 6.31.1 which is incompatible.\r\ngradio 5.1.0 requires pillow<11.0,>=8.0, but you have pillow 11.2.1 which is incompatible.\r\ngrpcio-tools 1.62.3 requires protobuf<5.0dev,>=4.21.6, but you have protobuf 6.31.1 which is incompatible.\r\nlangchain 0.3.14 requires numpy<2,>=1.22.4; python_version < \"3.12\", but you have numpy 2.2.6 which is incompatible.\r\nlangchain-chroma 0.1.4 requires numpy<2,>=1; python_version < \"3.12\", but you have numpy 2.2.6 which is incompatible.\r\nlangchain-community 0.3.14 requires numpy<2,>=1.22.4; python_version < \"3.12\", but you have numpy 2.2.6 which is incompatible.\r\nlangchain-google-genai 1.0.8 requires langchain-core<0.3,>=0.2.17, but you have langchain-core 0.3.29 which is incompatible.\r\nlangchain-mongodb 0.2.0 requires numpy<2,>=1; python_version < \"3.12\", but you have numpy 2.2.6 which is incompatible.\r\nlangchain-openai 0.1.21 requires langchain-core<0.3.0,>=0.2.29, but you have langchain-core 0.3.29 which is incompatible.\r\nlangchain-pinecone 0.2.0 requires numpy<2,>=1; python_version < \"3.12\", but you have numpy 2.2.6 which is incompatible.\r\nlangchain-qdrant 0.1.3 requires langchain-core<0.3,>=0.1.52, but you have langchain-core 0.3.29 which is incompatible.\r\nmoviepy 1.0.3 requires decorator<5.0,>=4.0.2, but you have decorator 5.2.1 which is incompatible.\r\nnumba 0.60.0 requires numpy<2.1,>=1.22, but you have numpy 2.2.6 which is incompatible.\r\nonnxruntime 1.18.1 requires numpy<2.0,>=1.21.6, but you have numpy 2.2.6 which is incompatible.\r\nopentelemetry-proto 1.26.0 requires protobuf<5.0,>=3.19, but you have protobuf 6.31.1 which is incompatible.\r\nproto-plus 1.24.0 requires protobuf<6.0.0dev,>=3.19.0, but you have protobuf 6.31.1 which is incompatible.\r\nwandb 0.18.7 requires protobuf!=4.21.0,!=5.28.0,<6,>=3.19.0; sys_platform != \"linux\", but you have protobuf 6.31.1 which is incompatible.\r\nSuccessfully installed Pillow-11.2.1 anyio-4.9.0 astor-0.8.1 certifi-2025.4.26 decorator-5.2.1 h11-0.16.0 httpcore-1.0.9 httpx-0.28.1 idna-3.10 networkx-3.5 numpy-2.2.6 opt-einsum-3.3.0 paddlepaddle-3.0.0 protobuf-6.31.1 sniffio-1.3.1 typing-extensions-4.14.0\r\nCollecting vietocr\r\n  Using cached vietocr-0.3.13-py3-none-any.whl.metadata (4.1 kB)\r\nCollecting einops==0.2.0 (from vietocr)\r\n  Using cached einops-0.2.0-py2.py3-none-any.whl.metadata (8.7 kB)\r\nCollecting gdown==4.4.0 (from vietocr)\r\n  Using cached gdown-4.4.0-py3-none-any.whl\r\nCollecting prefetch-generator==1.0.1 (from vietocr)\r\n  Using cached prefetch_generator-1.0.1-py3-none-any.whl\r\nCollecting imgaug==0.4.0 (from vietocr)\r\n  Using cached imgaug-0.4.0-py2.py3-none-any.whl.metadata (1.8 kB)\r\nCollecting albumentations==1.4.2 (from vietocr)\r\n  Using cached albumentations-1.4.2-py3-none-any.whl.metadata (36 kB)\r\nCollecting lmdb>=1.0.0 (from vietocr)\r\n  Using cached lmdb-1.6.2-cp311-cp311-win_amd64.whl.metadata (1.1 kB)\r\nCollecting scikit-image>=0.21.0 (from vietocr)\r\n  Using cached scikit_image-0.25.2-cp311-cp311-win_amd64.whl.metadata (14 kB)\r\nCollecting pillow==10.2.0 (from vietocr)\r\n  Using cached pillow-10.2.0-cp311-cp311-win_amd64.whl.metadata (9.9 kB)\r\nCollecting numpy>=1.24.4 (from albumentations==1.4.2->vietocr)\r\n  Using cached numpy-2.2.6-cp311-cp311-win_amd64.whl.metadata (60 kB)\r\nCollecting scipy>=1.10.0 (from albumentations==1.4.2->vietocr)\r\n  Using cached scipy-1.15.3-cp311-cp311-win_amd64.whl.metadata (60 kB)\r\nCollecting PyYAML (from albumentations==1.4.2->vietocr)\r\n  Using cached PyYAML-6.0.2-cp311-cp311-win_amd64.whl.metadata (2.1 kB)\r\nCollecting typing-extensions>=4.9.0 (from albumentations==1.4.2->vietocr)\r\n  Using cached typing_extensions-4.14.0-py3-none-any.whl.metadata (3.0 kB)\r\nCollecting scikit-learn>=1.3.2 (from albumentations==1.4.2->vietocr)\r\n  Using cached scikit_learn-1.7.0-cp311-cp311-win_amd64.whl.metadata (14 kB)\r\nCollecting opencv-python-headless>=4.9.0 (from albumentations==1.4.2->vietocr)\r\n  Using cached opencv_python_headless-4.11.0.86-cp37-abi3-win_amd64.whl.metadata (20 kB)\r\nCollecting filelock (from gdown==4.4.0->vietocr)\r\n  Using cached filelock-3.18.0-py3-none-any.whl.metadata (2.9 kB)\r\nCollecting requests[socks] (from gdown==4.4.0->vietocr)\r\n  Using cached requests-2.32.3-py3-none-any.whl.metadata (4.6 kB)\r\nCollecting six (from gdown==4.4.0->vietocr)\r\n  Using cached six-1.17.0-py2.py3-none-any.whl.metadata (1.7 kB)\r\nCollecting tqdm (from gdown==4.4.0->vietocr)\r\n  Using cached tqdm-4.67.1-py3-none-any.whl.metadata (57 kB)\r\nCollecting beautifulsoup4 (from gdown==4.4.0->vietocr)\r\n  Using cached beautifulsoup4-4.13.4-py3-none-any.whl.metadata (3.8 kB)\r\nCollecting matplotlib (from imgaug==0.4.0->vietocr)\r\n  Using cached matplotlib-3.10.3-cp311-cp311-win_amd64.whl.metadata (11 kB)\r\nCollecting opencv-python (from imgaug==0.4.0->vietocr)\r\n  Using cached opencv_python-4.11.0.86-cp37-abi3-win_amd64.whl.metadata (20 kB)\r\nCollecting imageio (from imgaug==0.4.0->vietocr)\r\n  Using cached imageio-2.37.0-py3-none-any.whl.metadata (5.2 kB)\r\nCollecting Shapely (from imgaug==0.4.0->vietocr)\r\n  Using cached shapely-2.1.1-cp311-cp311-win_amd64.whl.metadata (7.0 kB)\r\nCollecting networkx>=3.0 (from scikit-image>=0.21.0->vietocr)\r\n  Using cached networkx-3.5-py3-none-any.whl.metadata (6.3 kB)\r\nCollecting tifffile>=2022.8.12 (from scikit-image>=0.21.0->vietocr)\r\n  Using cached tifffile-2025.6.1-py3-none-any.whl.metadata (32 kB)\r\nCollecting packaging>=21 (from scikit-image>=0.21.0->vietocr)\r\n  Using cached packaging-25.0-py3-none-any.whl.metadata (3.3 kB)\r\nCollecting lazy-loader>=0.4 (from scikit-image>=0.21.0->vietocr)\r\n  Using cached lazy_loader-0.4-py3-none-any.whl.metadata (7.6 kB)\r\nCollecting joblib>=1.2.0 (from scikit-learn>=1.3.2->albumentations==1.4.2->vietocr)\r\n  Using cached joblib-1.5.1-py3-none-any.whl.metadata (5.6 kB)\r\nCollecting threadpoolctl>=3.1.0 (from scikit-learn>=1.3.2->albumentations==1.4.2->vietocr)\r\n  Using cached threadpoolctl-3.6.0-py3-none-any.whl.metadata (13 kB)\r\nCollecting soupsieve>1.2 (from beautifulsoup4->gdown==4.4.0->vietocr)\r\n  Using cached soupsieve-2.7-py3-none-any.whl.metadata (4.6 kB)\r\nCollecting contourpy>=1.0.1 (from matplotlib->imgaug==0.4.0->vietocr)\r\n  Using cached contourpy-1.3.2-cp311-cp311-win_amd64.whl.metadata (5.5 kB)\r\nCollecting cycler>=0.10 (from matplotlib->imgaug==0.4.0->vietocr)\r\n  Using cached cycler-0.12.1-py3-none-any.whl.metadata (3.8 kB)\r\nCollecting fonttools>=4.22.0 (from matplotlib->imgaug==0.4.0->vietocr)\r\n  Using cached fonttools-4.58.2-cp311-cp311-win_amd64.whl.metadata (108 kB)\r\nCollecting kiwisolver>=1.3.1 (from matplotlib->imgaug==0.4.0->vietocr)\r\n  Using cached kiwisolver-1.4.8-cp311-cp311-win_amd64.whl.metadata (6.3 kB)\r\nCollecting pyparsing>=2.3.1 (from matplotlib->imgaug==0.4.0->vietocr)\r\n  Using cached pyparsing-3.2.3-py3-none-any.whl.metadata (5.0 kB)\r\nCollecting python-dateutil>=2.7 (from matplotlib->imgaug==0.4.0->vietocr)\r\n  Using cached python_dateutil-2.9.0.post0-py2.py3-none-any.whl.metadata (8.4 kB)\r\nCollecting charset-normalizer<4,>=2 (from requests[socks]->gdown==4.4.0->vietocr)\r\n  Using cached charset_normalizer-3.4.2-cp311-cp311-win_amd64.whl.metadata (36 kB)\r\nCollecting idna<4,>=2.5 (from requests[socks]->gdown==4.4.0->vietocr)\r\n  Using cached idna-3.10-py3-none-any.whl.metadata (10 kB)\r\nCollecting urllib3<3,>=1.21.1 (from requests[socks]->gdown==4.4.0->vietocr)\r\n  Using cached urllib3-2.4.0-py3-none-any.whl.metadata (6.5 kB)\r\nCollecting certifi>=2017.4.17 (from requests[socks]->gdown==4.4.0->vietocr)\r\n  Using cached certifi-2025.4.26-py3-none-any.whl.metadata (2.5 kB)\r\nCollecting PySocks!=1.5.7,>=1.5.6 (from requests[socks]->gdown==4.4.0->vietocr)\r\n  Using cached PySocks-1.7.1-py3-none-any.whl.metadata (13 kB)\r\nCollecting colorama (from tqdm->gdown==4.4.0->vietocr)\r\n  Using cached colorama-0.4.6-py2.py3-none-any.whl.metadata (17 kB)\r\nUsing cached vietocr-0.3.13-py3-none-any.whl (34 kB)\r\nUsing cached albumentations-1.4.2-py3-none-any.whl (133 kB)\r\nUsing cached einops-0.2.0-py2.py3-none-any.whl (18 kB)\r\nUsing cached imgaug-0.4.0-py2.py3-none-any.whl (948 kB)\r\nUsing cached pillow-10.2.0-cp311-cp311-win_amd64.whl (2.6 MB)\r\nUsing cached lmdb-1.6.2-cp311-cp311-win_amd64.whl (100 kB)\r\nUsing cached numpy-2.2.6-cp311-cp311-win_amd64.whl (12.9 MB)\r\nUsing cached opencv_python_headless-4.11.0.86-cp37-abi3-win_amd64.whl (39.4 MB)\r\nUsing cached scikit_image-0.25.2-cp311-cp311-win_amd64.whl (12.8 MB)\r\nUsing cached imageio-2.37.0-py3-none-any.whl (315 kB)\r\nUsing cached lazy_loader-0.4-py3-none-any.whl (12 kB)\r\nUsing cached networkx-3.5-py3-none-any.whl (2.0 MB)\r\nUsing cached packaging-25.0-py3-none-any.whl (66 kB)\r\nUsing cached scikit_learn-1.7.0-cp311-cp311-win_amd64.whl (10.7 MB)\r\nUsing cached joblib-1.5.1-py3-none-any.whl (307 kB)\r\nUsing cached scipy-1.15.3-cp311-cp311-win_amd64.whl (41.2 MB)\r\nUsing cached threadpoolctl-3.6.0-py3-none-any.whl (18 kB)\r\nUsing cached tifffile-2025.6.1-py3-none-any.whl (230 kB)\r\nUsing cached typing_extensions-4.14.0-py3-none-any.whl (43 kB)\r\nUsing cached beautifulsoup4-4.13.4-py3-none-any.whl (187 kB)\r\nUsing cached soupsieve-2.7-py3-none-any.whl (36 kB)\r\nUsing cached filelock-3.18.0-py3-none-any.whl (16 kB)\r\nUsing cached matplotlib-3.10.3-cp311-cp311-win_amd64.whl (8.1 MB)\r\nUsing cached contourpy-1.3.2-cp311-cp311-win_amd64.whl (222 kB)\r\nUsing cached cycler-0.12.1-py3-none-any.whl (8.3 kB)\r\nUsing cached fonttools-4.58.2-cp311-cp311-win_amd64.whl (2.2 MB)\r\nUsing cached kiwisolver-1.4.8-cp311-cp311-win_amd64.whl (71 kB)\r\nUsing cached pyparsing-3.2.3-py3-none-any.whl (111 kB)\r\nUsing cached python_dateutil-2.9.0.post0-py2.py3-none-any.whl (229 kB)\r\nUsing cached six-1.17.0-py2.py3-none-any.whl (11 kB)\r\nUsing cached opencv_python-4.11.0.86-cp37-abi3-win_amd64.whl (39.5 MB)\r\nUsing cached PyYAML-6.0.2-cp311-cp311-win_amd64.whl (161 kB)\r\nUsing cached requests-2.32.3-py3-none-any.whl (64 kB)\r\nUsing cached charset_normalizer-3.4.2-cp311-cp311-win_amd64.whl (105 kB)\r\nUsing cached idna-3.10-py3-none-any.whl (70 kB)\r\nUsing cached urllib3-2.4.0-py3-none-any.whl (128 kB)\r\nUsing cached certifi-2025.4.26-py3-none-any.whl (159 kB)\r\nUsing cached PySocks-1.7.1-py3-none-any.whl (16 kB)\r\nUsing cached shapely-2.1.1-cp311-cp311-win_amd64.whl (1.7 MB)\r\nUsing cached tqdm-4.67.1-py3-none-any.whl (78 kB)\r\nUsing cached colorama-0.4.6-py2.py3-none-any.whl (25 kB)\r\nInstalling collected packages: prefetch-generator, lmdb, einops, urllib3, typing-extensions, threadpoolctl, soupsieve, six, PyYAML, PySocks, pyparsing, pillow, packaging, numpy, networkx, kiwisolver, joblib, idna, fonttools, filelock, cycler, colorama, charset-normalizer, certifi, tqdm, tifffile, Shapely, scipy, requests, python-dateutil, opencv-python-headless, opencv-python, lazy-loader, imageio, contourpy, beautifulsoup4, scikit-learn, scikit-image, matplotlib, imgaug, gdown, albumentations, vietocr\r\n\r\nERROR: pip's dependency resolver does not currently take into account all the packages that are installed. This behaviour is the source of the following dependency conflicts.\r\nautogen 0.3.1 requires numpy<2,>=1.17.0, but you have numpy 2.2.6 which is incompatible.\r\nchromadb 0.5.3 requires numpy<2.0.0,>=1.22.5, but you have numpy 2.2.6 which is incompatible.\r\nfig2sketch 0.3.6 requires fonttools==4.43.0, but you have fonttools 4.58.2 which is incompatible.\r\nfig2sketch 0.3.6 requires Pillow==10.3.0, but you have pillow 10.2.0 which is incompatible.\r\nlangchain 0.3.14 requires numpy<2,>=1.22.4; python_version < \"3.12\", but you have numpy 2.2.6 which is incompatible.\r\nlangchain-chroma 0.1.4 requires numpy<2,>=1; python_version < \"3.12\", but you have numpy 2.2.6 which is incompatible.\r\nlangchain-community 0.3.14 requires numpy<2,>=1.22.4; python_version < \"3.12\", but you have numpy 2.2.6 which is incompatible.\r\nlangchain-core 0.3.29 requires packaging<25,>=23.2, but you have packaging 25.0 which is incompatible.\r\nlangchain-google-genai 1.0.8 requires langchain-core<0.3,>=0.2.17, but you have langchain-core 0.3.29 which is incompatible.\r\nlangchain-mongodb 0.2.0 requires numpy<2,>=1; python_version < \"3.12\", but you have numpy 2.2.6 which is incompatible.\r\nlangchain-openai 0.1.21 requires langchain-core<0.3.0,>=0.2.29, but you have langchain-core 0.3.29 which is incompatible.\r\nlangchain-pinecone 0.2.0 requires numpy<2,>=1; python_version < \"3.12\", but you have numpy 2.2.6 which is incompatible.\r\nlangchain-qdrant 0.1.3 requires langchain-core<0.3,>=0.1.52, but you have langchain-core 0.3.29 which is incompatible.\r\nnumba 0.60.0 requires numpy<2.1,>=1.22, but you have numpy 2.2.6 which is incompatible.\r\nonnxruntime 1.18.1 requires numpy<2.0,>=1.21.6, but you have numpy 2.2.6 which is incompatible.\r\nSuccessfully installed PySocks-1.7.1 PyYAML-6.0.2 Shapely-2.1.1 albumentations-1.4.2 beautifulsoup4-4.13.4 certifi-2025.4.26 charset-normalizer-3.4.2 colorama-0.4.6 contourpy-1.3.2 cycler-0.12.1 einops-0.2.0 filelock-3.18.0 fonttools-4.58.2 gdown-4.4.0 idna-3.10 imageio-2.37.0 imgaug-0.4.0 joblib-1.5.1 kiwisolver-1.4.8 lazy-loader-0.4 lmdb-1.6.2 matplotlib-3.10.3 networkx-3.5 numpy-2.2.6 opencv-python-4.11.0.86 opencv-python-headless-4.11.0.86 packaging-25.0 pillow-10.2.0 prefetch-generator-1.0.1 pyparsing-3.2.3 python-dateutil-2.9.0.post0 requests-2.32.3 scikit-image-0.25.2 scikit-learn-1.7.0 scipy-1.15.3 six-1.17.0 soupsieve-2.7 threadpoolctl-3.6.0 tifffile-2025.6.1 tqdm-4.67.1 typing-extensions-4.14.0 urllib3-2.4.0 vietocr-0.3.13\r\nnltk==3.9.1 was installed. Use z.install(force=True) for forced installation.\n"}]},"apps":[],"jobName":"paragraph_1749370234365_-261743611","id":"20250509-145426_1832536027","dateCreated":"2025-06-08T15:10:34+0700","status":"READY","errorMessage":"","progressUpdateIntervalMs":500,"$$hashKey":"object:4348"},{"text":"import os\nimport re\nfrom tqdm import tqdm\nimport fitz  # PyMuPDF\nimport cv2\nimport matplotlib.pyplot as plt\nfrom PIL import Image\n\nfrom vietocr.tool.predictor import Predictor\nfrom vietocr.tool.config import Cfg\n\nfrom paddleocr import PaddleOCR, draw_ocr\nimport torch","user":"21110656","dateUpdated":"2025-06-08T15:10:34+0700","config":{"editorSetting":{"language":"python","editOnDblClick":false,"completionKey":"TAB","completionSupport":true},"colWidth":12,"editorMode":"ace/mode/python","fontSize":14,"results":{},"enabled":true},"settings":{"params":{},"forms":{}},"results":{"code":"SUCCESS","msg":[{"type":"TEXT","data":"D:\\apps\\zeppelin\\python\\pip\\2KWRRRCNY\\paddle\\utils\\cpp_extension\\extension_utils.py:711: UserWarning: No ccache found. Please be aware that recompiling all source files may be required. You can download and install ccache from: https://github.com/ccache/ccache/blob/master/doc/INSTALL.md\n  warnings.warn(warning_message)\n"}]},"apps":[],"jobName":"paragraph_1749370234365_422901230","id":"20250317-201108_41751438","dateCreated":"2025-06-08T15:10:34+0700","status":"READY","errorMessage":"","progressUpdateIntervalMs":500,"$$hashKey":"object:4349"},{"text":"FONT = 'latin.ttf'\r\ndef predict(recognitor, detector, img_path, save_path, padding=4, dpi=100):\r\n    img = cv2.imread(img_path)\r\n\r\n    result = detector.ocr(img_path, cls=False, det=True, rec=False)\r\n    result = result[:][:][0]\r\n\r\n    boxes = []\r\n    for line in result:\r\n        boxes.append([[int(line[0][0]), int(line[0][1])], [int(line[2][0]), int(line[2][1])]])\r\n    boxes = boxes[::-1]\r\n\r\n    padding = 4\r\n    for box in boxes:\r\n        box[0][0] = box[0][0] - padding\r\n        box[0][1] = box[0][1] - padding\r\n        box[1][0] = box[1][0] + padding\r\n        box[1][1] = box[1][1] + padding\r\n\r\n    texts = []\r\n    for box in boxes:\r\n        cropped_image = img[box[0][1]:box[1][1], box[0][0]:box[1][0]]\r\n        try:\r\n            cropped_image = Image.fromarray(cropped_image)\r\n        except:\r\n            continue\r\n\r\n        rec_result = recognitor.predict(cropped_image)\r\n\r\n        text = rec_result\r\n\r\n        texts.append(text)\r\n\r\n    def get_rectangle_points(x1, y1, x2, y2):\r\n        x_tl = x1\r\n        y_tl = y2\r\n        x_br = x2\r\n        y_br = y1\r\n        return [(x1, y1), (x2, y1), (x2, y2), (x1, y2)]\r\n    _boxes = [get_rectangle_points(boxe[0][0], boxe[0][1], boxe[1][0], boxe[1][1]) for boxe in boxes]\r\n\r\n    img = draw_ocr(img, _boxes, texts, scores=None, font_path=FONT)\r\n\r\n\r\n    img_name = img_path.split('/')[-1]\r\n    cv2.imwrite(os.path.join(save_path, img_name), img)\r\n\r\n    img = cv2.cvtColor(img, cv2.COLOR_RGB2BGR)\r\n    height, width, depth = img.shape\r\n\r\n    figsize = width / float(dpi), height / float(dpi)\r\n\r\n    fig = plt.figure(figsize=figsize)\r\n    ax = fig.add_axes([0, 0, 1, 1])\r\n\r\n    ax.axis('off')\r\n\r\n    ax.imshow(img, cmap='gray')\r\n\r\n    plt.show()\r\n\r\n    return boxes, texts\r\n\r\ndef extract_text_only(recognitor, detector, img_path, padding=4):\r\n    img = cv2.imread(img_path)\r\n\r\n    result = detector.ocr(img_path, cls=False, det=True, rec=False)\r\n    result = result[:][:][0]\r\n\r\n    boxes = []\r\n    for line in result:\r\n        boxes.append([[int(line[0][0]), int(line[0][1])], [int(line[2][0]), int(line[2][1])]])\r\n    boxes = boxes[::-1]\r\n\r\n    for box in boxes:\r\n        box[0][0] = max(0, box[0][0] - padding)\r\n        box[0][1] = max(0, box[0][1] - padding)\r\n        box[1][0] = min(img.shape[1], box[1][0] + padding)\r\n        box[1][1] = min(img.shape[0], box[1][1] + padding)\r\n\r\n    texts = []\r\n    for box in boxes:\r\n        cropped_image = img[box[0][1]:box[1][1], box[0][0]:box[1][0]]\r\n        try:\r\n            cropped_image = Image.fromarray(cropped_image)\r\n            rec_result = recognitor.predict(cropped_image)\r\n            texts.append(rec_result)\r\n        except Exception as e:\r\n            print(f\"Error: {e}\")\r\n            continue\r\n\r\n    return texts","user":"21110656","dateUpdated":"2025-06-08T15:11:21+0700","config":{"editorSetting":{"language":"python","editOnDblClick":false,"completionKey":"TAB","completionSupport":true},"colWidth":12,"editorMode":"ace/mode/python","fontSize":14,"results":{},"enabled":true},"settings":{"params":{},"forms":{}},"results":{"code":"SUCCESS","msg":[]},"apps":[],"jobName":"paragraph_1749370234374_-1198549754","id":"20250508-103519_407407280","dateCreated":"2025-06-08T15:10:34+0700","status":"READY","errorMessage":"","progressUpdateIntervalMs":500,"$$hashKey":"object:4350"},{"text":"from vietocr.tool.predictor import Predictor\r\nfrom vietocr.tool.config import Cfg\r\nimport torch\r\n\r\ndetector = PaddleOCR(use_angle_cls=False, lang=\"vi\", use_gpu=True)\r\n\r\n# Configure of VietOCR\r\nconfig = Cfg.load_config_from_name('vgg_transformer')\r\n# config = Cfg.load_config_from_file('vietocr/config.yml')\r\n# config['weights'] = '/Users/bmd1905/Desktop/pretrain_ocr/vi00_vi01_transformer.pth'\r\n\r\nconfig['cnn']['pretrained'] = True\r\nconfig['predictor']['beamsearch'] = True\r\nconfig['device'] = 'cuda:0' # mps\r\n\r\nrecognitor = Predictor(config)","user":"21110656","dateUpdated":"2025-06-08T15:10:34+0700","config":{"editorSetting":{"language":"python","editOnDblClick":false,"completionKey":"TAB","completionSupport":true},"colWidth":12,"editorMode":"ace/mode/python","fontSize":14,"results":{},"enabled":true},"settings":{"params":{},"forms":{}},"results":{"code":"SUCCESS","msg":[{"type":"TEXT","data":"[2025/06/07 00:01:11] ppocr DEBUG: Namespace(help='==SUPPRESS==', use_gpu=False, use_xpu=False, use_npu=False, use_mlu=False, use_gcu=False, ir_optim=True, use_tensorrt=False, min_subgraph_size=15, precision='fp32', gpu_mem=500, gpu_id=0, image_dir=None, page_num=0, det_algorithm='DB', det_model_dir='C:\\\\Users\\\\zeppython/.paddleocr/whl\\\\det\\\\en\\\\en_PP-OCRv3_det_infer', det_limit_side_len=960, det_limit_type='max', det_box_type='quad', det_db_thresh=0.3, det_db_box_thresh=0.6, det_db_unclip_ratio=1.5, max_batch_size=10, use_dilation=False, det_db_score_mode='fast', det_east_score_thresh=0.8, det_east_cover_thresh=0.1, det_east_nms_thresh=0.2, det_sast_score_thresh=0.5, det_sast_nms_thresh=0.2, det_pse_thresh=0, det_pse_box_thresh=0.85, det_pse_min_area=16, det_pse_scale=1, scales=[8, 16, 32], alpha=1.0, beta=1.0, fourier_degree=5, rec_algorithm='SVTR_LCNet', rec_model_dir='C:\\\\Users\\\\zeppython/.paddleocr/whl\\\\rec\\\\latin\\\\latin_PP-OCRv3_rec_infer', rec_image_inverse=True, rec_image_shape='3, 48, 320', rec_batch_num=6, max_text_length=25, rec_char_dict_path='D:\\\\apps\\\\zeppelin\\\\python\\\\pip\\\\2KWRRRCNY\\\\paddleocr\\\\ppocr\\\\utils\\\\dict\\\\latin_dict.txt', use_space_char=True, vis_font_path='./doc/fonts/simfang.ttf', drop_score=0.5, e2e_algorithm='PGNet', e2e_model_dir=None, e2e_limit_side_len=768, e2e_limit_type='max', e2e_pgnet_score_thresh=0.5, e2e_char_dict_path='./ppocr/utils/ic15_dict.txt', e2e_pgnet_valid_set='totaltext', e2e_pgnet_mode='fast', use_angle_cls=False, cls_model_dir='C:\\\\Users\\\\zeppython/.paddleocr/whl\\\\cls\\\\ch_ppocr_mobile_v2.0_cls_infer', cls_image_shape='3, 48, 192', label_list=['0', '180'], cls_batch_num=6, cls_thresh=0.9, enable_mkldnn=False, cpu_threads=10, use_pdserving=False, warmup=False, sr_model_dir=None, sr_image_shape='3, 32, 128', sr_batch_num=1, draw_img_save_dir='./inference_results', save_crop_res=False, crop_res_save_dir='./output', use_mp=False, total_process_num=1, process_id=0, benchmark=False, save_log_path='./log_output/', show_log=True, use_onnx=False, onnx_providers=False, onnx_sess_options=False, return_word_box=False, output='./output', table_max_len=488, table_algorithm='TableAttn', table_model_dir=None, merge_no_span_structure=True, table_char_dict_path=None, formula_algorithm='LaTeXOCR', formula_model_dir=None, formula_char_dict_path=None, formula_batch_num=1, layout_model_dir=None, layout_dict_path=None, layout_score_threshold=0.5, layout_nms_threshold=0.5, kie_algorithm='LayoutXLM', ser_model_dir=None, re_model_dir=None, use_visual_backbone=True, ser_dict_path='../train_data/XFUND/class_list_xfun.txt', ocr_order_method=None, mode='structure', image_orientation=False, layout=True, table=True, formula=False, ocr=True, recovery=False, recovery_to_markdown=False, use_pdf2docx_api=False, invert=False, binarize=False, alphacolor=(255, 255, 255), lang='vi', det=True, rec=True, type='ocr', savefile=False, ocr_version='PP-OCRv4', structure_version='PP-StructureV2')\nModel weight C:\\Users\\ZEPPYT~1\\AppData\\Local\\Temp\\vgg_transformer.pth exsits. Ignore download!\n"}]},"apps":[],"jobName":"paragraph_1749370234378_-551613635","id":"20250506-082110_1484948496","dateCreated":"2025-06-08T15:10:34+0700","status":"READY","errorMessage":"","progressUpdateIntervalMs":500,"$$hashKey":"object:4351"},{"text":"import os\r\nimport cv2\r\nimport numpy as np\r\nfrom PIL import Image\r\nimport fitz\r\n\r\n# === Các hàm xử lý ảnh ===\r\ndef noise_removal(image):\r\n    kernel = np.ones((1, 1), np.uint8)\r\n    image = cv2.dilate(image, kernel, iterations=1)\r\n    image = cv2.erode(image, kernel, iterations=1)\r\n    image = cv2.morphologyEx(image, cv2.MORPH_CLOSE, kernel)\r\n    image = cv2.medianBlur(image, 3)\r\n    return image\r\n\r\ndef thin_font(image):\r\n    image = cv2.bitwise_not(image)\r\n    kernel = np.ones((2, 2), np.uint8)\r\n    image = cv2.erode(image, kernel, iterations=1)\r\n    image = cv2.bitwise_not(image)\r\n    return image\r\n\r\ndef thick_font(image):\r\n    image = cv2.bitwise_not(image)\r\n    kernel = np.ones((2, 2), np.uint8)\r\n    image = cv2.dilate(image, kernel, iterations=1)\r\n    image = cv2.bitwise_not(image)\r\n    return image\r\n\r\ndef preprocess_image(image):\r\n    gray = cv2.cvtColor(image, cv2.COLOR_RGB2GRAY)\r\n    inverted = cv2.bitwise_not(gray)\r\n    no_noise = noise_removal(inverted)\r\n    thickened = thick_font(no_noise)\r\n    _, thresh = cv2.threshold(thickened, 150, 255, cv2.THRESH_BINARY + cv2.THRESH_OTSU)\r\n    return thresh\r\n    \r\ndef extract_text_from_image(img_input, recognitor, detector, padding=4):\r\n    \"\"\"\r\n    Trích xuất văn bản từ ảnh (đường dẫn hoặc mảng ảnh) bằng detector và recognitor.\r\n    :param img_input: Đường dẫn tới ảnh hoặc ảnh đã load (numpy array).\r\n    :param recognitor: Mô hình nhận diện ký tự.\r\n    :param detector: Mô hình phát hiện vùng văn bản.\r\n    :param padding: Padding quanh box.\r\n    :return: List văn bản.\r\n    \"\"\"\r\n\r\n    if isinstance(img_input, str):\r\n        img = cv2.imread(img_input)\r\n        if img is None:\r\n            print(f\"[Error] Không thể đọc ảnh từ đường dẫn: {img_input}\")\r\n            return []\r\n    elif isinstance(img_input, np.ndarray):\r\n        img = img_input\r\n    else:\r\n        print(f\"[Error] Đầu vào không hợp lệ, phải là đường dẫn hoặc ảnh numpy: {type(img_input)}\")\r\n        return []\r\n\r\n    h, w = img.shape[:2]\r\n\r\n    result = detector.ocr(img_input if isinstance(img_input, str) else img, cls=False, det=True, rec=False)\r\n    if not result or not result[0]:\r\n        print(f\"[Warning] Không tìm thấy box nào trong ảnh\")\r\n        return []\r\n\r\n    boxes = []\r\n    for line in result[0]:\r\n        x1 = int(line[0][0])\r\n        y1 = int(line[0][1])\r\n        x2 = int(line[2][0])\r\n        y2 = int(line[2][1])\r\n        x1 = max(0, x1 - padding)\r\n        y1 = max(0, y1 - padding)\r\n        x2 = min(w, x2 + padding)\r\n        y2 = min(h, y2 + padding)\r\n        if x2 <= x1 or y2 <= y1:\r\n            print(f\"[Warning] Bỏ qua box không hợp lệ: ({x1},{y1}) -> ({x2},{y2})\")\r\n            continue\r\n        boxes.append(((x1, y1), (x2, y2), y1))\r\n        \r\n    texts = []\r\n    boxes = sorted(boxes, key=lambda b: b[2])\r\n    \r\n    for (x1, y1), (x2, y2), _ in boxes:\r\n        cropped = img[y1:y2, x1:x2]\r\n        try:\r\n            cropped_pil = Image.fromarray(cv2.cvtColor(cropped, cv2.COLOR_BGR2RGB))\r\n            text = recognitor.predict(cropped_pil)\r\n            if text.strip():\r\n                texts.append(text)\r\n        except Exception as e:\r\n            print(f\"[Recognition Error] {e}\")\r\n            continue\r\n\r\n    return texts\r\n    \r\ndef extract_intro_section(text):\r\n    intro_keywords = [\r\n        \"LỜI MỞ ĐẦU\", \"GIỚI THIỆU\", \"INTRODUCTION\", \"PREFACE\"\r\n    ]\r\n    # Ghép thành regex\r\n    intro_pattern = r\"|\".join([re.escape(k) for k in intro_keywords])\r\n\r\n    match = re.search(f\"({intro_pattern})(.*)\", text, re.IGNORECASE | re.DOTALL)\r\n    if match:\r\n        return match.group(2)\r\n    return text\r\n    \r\ndef remove_table_of_contents(text):\r\n    toc_patterns = [r\"MỤC LỤC.*\", r\"TABLE OF CONTENTS.*\", r\"CONTENTS.*\", r\"FOREWORD*\"]\r\n    for pattern in toc_patterns:\r\n        text = re.sub(pattern, \"\", text, flags=re.IGNORECASE | re.DOTALL)\r\n    return text\r\n\r\ndef extract_intro_from_pdf(pdf_path, recognitor, detector, max_pages=10):\r\n    doc = fitz.open(pdf_path)\r\n    full_text = \"\"\r\n    for i in range(min(doc.page_count, max_pages)):\r\n        try:\r\n            page = doc.load_page(i)\r\n            pix = page.get_pixmap(dpi=300)\r\n\r\n            pil_img = Image.frombytes(\"RGB\", [pix.width, pix.height], pix.samples)\r\n            img = cv2.cvtColor(np.array(pil_img), cv2.COLOR_RGB2BGR)\r\n\r\n            processed_img = preprocess_image(img)\r\n            page_text = extract_text_from_image(processed_img, recognitor, detector)\r\n\r\n            if isinstance(page_text, list):\r\n                page_text = \"\\n\".join(page_text)\r\n\r\n            full_text += page_text + \"\\n\"\r\n        except Exception as e:\r\n            print(f\"Lỗi khi đọc trang {i} của {pdf_path}: {e}\")\r\n            continue\r\n    # ✅ Tiền xử lý để tránh dính mục lục\r\n    cleaned_text = remove_table_of_contents(full_text)\r\n\r\n    # ✅ Trích xuất phần lời mở đầu\r\n    intro_text = extract_intro_section(cleaned_text)\r\n    return intro_text.strip()","user":"21110656","dateUpdated":"2025-06-08T15:11:53+0700","config":{"editorSetting":{"language":"python","editOnDblClick":false,"completionKey":"TAB","completionSupport":true},"colWidth":12,"editorMode":"ace/mode/python","fontSize":14,"results":{},"enabled":true},"settings":{"params":{},"forms":{}},"results":{"code":"SUCCESS","msg":[]},"apps":[],"jobName":"paragraph_1749370234380_729112071","id":"20250505-105908_1205469735","dateCreated":"2025-06-08T15:10:34+0700","status":"READY","errorMessage":"","progressUpdateIntervalMs":500,"$$hashKey":"object:4352"},{"text":"from langchain_community.embeddings import HuggingFaceEmbeddings\r\nfrom langchain.vectorstores import Chroma\r\nfrom langchain_core.documents import Document\r\n\r\ndef chunk_text_nltk(text, max_sentences=10, overlap=3):\r\n    \"\"\"\r\n    Chia đoạn văn bản thành các chunk gồm max_sentences câu, có chồng lắp overlap câu.\r\n\r\n    Args:\r\n        text (str): Văn bản đầu vào.\r\n        max_sentences (int): Số câu trong mỗi chunk.\r\n        overlap (int): Số câu chồng lắp giữa các chunk.\r\n\r\n    Returns:\r\n        List[str]: Danh sách các chunk văn bản.\r\n    \"\"\"\r\n    from nltk.tokenize import sent_tokenize\r\n    sentences = sent_tokenize(text)\r\n    chunks = []\r\n    start = 0\r\n    while start < len(sentences):\r\n        end = min(start + max_sentences, len(sentences))\r\n        chunk = \" \".join(sentences[start:end])\r\n        chunks.append(chunk)\r\n        start += max_sentences - overlap\r\n    return chunks\r\n\r\ndef save_intro_to_chroma(intro_texts, persist_directory=\"./FinalDB/FinalDBLibrary\"):\r\n    if not intro_texts:\r\n        print(\"Không có nội dung lời mở đầu nào.\")\r\n        return\r\n\r\n    embedding_model = HuggingFaceEmbeddings(model_name=\"sentence-transformers/paraphrase-multilingual-mpnet-base-v2\")\r\n    docs = []\r\n    total_chunks = 0\r\n\r\n    for item in intro_texts:\r\n        chunks = chunk_text_nltk(item['intro'], max_sentences=10, overlap=3)\r\n        if not chunks:\r\n            print(f\"Không trích được chunk nào từ: {item['filename']}\")\r\n            continue\r\n\r\n        for i, chunk in enumerate(chunks):\r\n            docs.append(Document(\r\n                page_content=chunk,\r\n                metadata={\r\n                    \"source\": item['filename'],\r\n                    \"book_title\": item.get(\"title\", item['filename']),\r\n                    \"chunk_id\": i\r\n                }\r\n            ))\r\n        total_chunks += len(chunks)\r\n\r\n    if not docs:\r\n        print(\"Không có dữ liệu để lưu vào Chroma.\")\r\n        return\r\n\r\n    vectordb = Chroma.from_documents(documents=docs, embedding=embedding_model, persist_directory=persist_directory)\r\n    vectordb.persist()\r\n    print(f\"Đã lưu {total_chunks} đoạn từ {len(intro_texts)} sách vào Chroma tại {persist_directory}\")\r\n    \r\ndef process_folder_extract_intros(pdf_folder, recognitor, detector, max_pages=10):\r\n    \"\"\"\r\n    Quét qua thư mục chứa file PDF, trích xuất lời mở đầu từ mỗi file.\r\n    :param pdf_folder: Thư mục chứa file PDF.\r\n    :param recognitor: Mô hình nhận diện ký tự.\r\n    :param detector: Mô hình phát hiện vùng văn bản.\r\n    :param max_pages: Số trang tối đa quét ở mỗi file PDF.\r\n    :return: Danh sách dict gồm filename, title, intro text.\r\n    \"\"\"\r\n    intro_data = []\r\n\r\n    for root, _, files in os.walk(pdf_folder):\r\n        for file in files:\r\n            if file.lower().endswith(\".pdf\"):\r\n                full_path = os.path.join(root, file)\r\n                print(f\"\\n📄 Đang xử lý: {file}\")\r\n                try:\r\n                    intro_text = extract_intro_from_pdf(full_path, recognitor, detector, max_pages=max_pages)\r\n                    if intro_text.strip():\r\n                        intro_data.append({\r\n                            \"filename\": file,\r\n                            \"title\": os.path.splitext(file)[0],\r\n                            \"intro\": intro_text\r\n                        })\r\n                        print(f\"Đã trích xuất lời mở đầu từ {file}\")\r\n                    else:\r\n                        print(f\"Không tìm thấy lời mở đầu trong {file}\")\r\n                except Exception as e:\r\n                    print(f\"Lỗi khi xử lý {file}: {e}\")\r\n    return intro_data","user":"21110656","dateUpdated":"2025-06-08T15:12:31+0700","config":{"editorSetting":{"language":"python","editOnDblClick":false,"completionKey":"TAB","completionSupport":true},"colWidth":12,"editorMode":"ace/mode/python","fontSize":14,"results":{},"enabled":true},"settings":{"params":{},"forms":{}},"results":{"code":"SUCCESS","msg":[{"type":"TEXT","data":"C:\\Users\\zeppelin\\bin\\python\\.venv\\Lib\\site-packages\\iozep\\behavior.py:364: LangChainDeprecationWarning: Importing Chroma from langchain.vectorstores is deprecated. Please replace deprecated imports:\n\n>> from langchain.vectorstores import Chroma\n\nwith new imports of:\n\n>> from langchain_community.vectorstores import Chroma\nYou can use the langchain cli to **automatically** upgrade many imports. Please see documentation here <https://python.langchain.com/docs/versions/v0_2/>\n  module = _orgImport(name, *args, **kwargs)\n<stdin>:2: LangChainDeprecationWarning: Importing Chroma from langchain.vectorstores is deprecated. Please replace deprecated imports:\n\n>> from langchain.vectorstores import Chroma\n\nwith new imports of:\n\n>> from langchain_community.vectorstores import Chroma\nYou can use the langchain cli to **automatically** upgrade many imports. Please see documentation here <https://python.langchain.com/docs/versions/v0_2/>\n"}]},"apps":[],"jobName":"paragraph_1749370234380_184224613","id":"20250505-142617_482348193","dateCreated":"2025-06-08T15:10:34+0700","status":"READY","errorMessage":"","progressUpdateIntervalMs":500,"$$hashKey":"object:4353"},{"text":"pdf_folder = \"./BookLibraryHCMUTE/BookDataHCMUTE/PDFBooks/CN_In\"\r\nbook_intros = process_folder_extract_intros(pdf_folder, recognitor, detector)\r\nsave_intro_to_chroma(book_intros)","user":"21110656","dateUpdated":"2025-06-08T15:12:36+0700","config":{"editorSetting":{"language":"python","editOnDblClick":false,"completionKey":"TAB","completionSupport":true},"colWidth":12,"editorMode":"ace/mode/python","fontSize":14,"results":{},"enabled":true},"settings":{"params":{},"forms":{}},"results":{"code":"ERROR","msg":[{"type":"TEXT","data":"pyspark is not responding"}]},"apps":[],"jobName":"paragraph_1749370234380_-1595641444","id":"20250505-121740_1748006278","dateCreated":"2025-06-08T15:10:34+0700","status":"ABORT","progressUpdateIntervalMs":500,"$$hashKey":"object:4354","dateFinished":"2025-06-08T15:12:58+0700","dateStarted":"2025-06-08T15:12:36+0700"}],"name":"GRPR03/NopBai/ExtractIntroDB","id":"2KYVQ5C1N","noteParams":{},"noteForms":{},"angularObjects":{"md:shared_process":[]},"config":{"isZeppelinNotebookCronEnable":false,"looknfeel":"default","personalizedMode":"false"},"info":{}}